file,line,type,commit,author,date,time,timezone,datetime,depth,length
style.css,1,css,7a30055c,Leo Wiemelt,2026-04-03,23:28:59,-07:00,2026-04-03T23:28:59-07:00,0,4
style.css,2,css,7a30055c,Leo Wiemelt,2026-04-03,23:28:59,-07:00,2026-04-03T23:28:59-07:00,1,23
style.css,3,css,c870e2fe,Leo Wiemelt,2026-04-10,12:11:51,-07:00,2026-04-10T12:11:51-07:00,1,15
style.css,4,css,e0c70056,Leo Wiemelt,2026-04-10,12:19:20,-07:00,2026-04-10T12:19:20-07:00,1,42
style.css,5,css,e02c9700,Leo Wiemelt,2026-04-10,12:18:40,-07:00,2026-04-10T12:18:40-07:00,1,11
style.css,6,css,7a30055c,Leo Wiemelt,2026-04-03,23:28:59,-07:00,2026-04-03T23:28:59-07:00,0,0
style.css,7,css,e2883826,Leo Wiemelt,2026-04-10,12:21:27,-07:00,2026-04-10T12:21:27-07:00,0,0
style.css,8,css,e8281de8,Leo Wiemelt,2026-04-10,12:27:13,-07:00,2026-04-10T12:27:13-07:00,0,3
style.css,9,css,e8281de8,Leo Wiemelt,2026-04-10,12:27:13,-07:00,2026-04-10T12:27:13-07:00,1,12
style.css,10,css,765c30fc,Leo Wiemelt,2026-04-10,12:34:41,-07:00,2026-04-10T12:34:41-07:00,1,18
style.css,11,css,294dc380,Leo Wiemelt,2026-04-10,12:39:07,-07:00,2026-04-10T12:39:07-07:00,1,23
style.css,12,css,294dc380,Leo Wiemelt,2026-04-10,12:39:07,-07:00,2026-04-10T12:39:07-07:00,1,25
style.css,13,css,ec3a4895,Leo Wiemelt,2026-04-25,16:53:20,-07:00,2026-04-25T16:53:20-07:00,1,39
style.css,14,css,ec3a4895,Leo Wiemelt,2026-04-25,16:53:20,-07:00,2026-04-25T16:53:20-07:00,1,39
style.css,15,css,e8281de8,Leo Wiemelt,2026-04-10,12:27:13,-07:00,2026-04-10T12:27:13-07:00,0,0
style.css,16,css,e8281de8,Leo Wiemelt,2026-04-10,12:27:13,-07:00,2026-04-10T12:27:13-07:00,0,0
style.css,17,css,e8281de8,Leo Wiemelt,2026-04-10,12:27:13,-07:00,2026-04-10T12:27:13-07:00,0,1
style.css,18,css,e8281de8,Leo Wiemelt,2026-04-10,12:27:13,-07:00,2026-04-10T12:27:13-07:00,1,6
style.css,19,css,765c30fc,Leo Wiemelt,2026-04-10,12:34:41,-07:00,2026-04-10T12:34:41-07:00,1,20
style.css,20,css,765c30fc,Leo Wiemelt,2026-04-10,12:34:41,-07:00,2026-04-10T12:34:41-07:00,1,13
style.css,21,css,765c30fc,Leo Wiemelt,2026-04-10,12:34:41,-07:00,2026-04-10T12:34:41-07:00,1,17
style.css,22,css,765c30fc,Leo Wiemelt,2026-04-10,12:34:41,-07:00,2026-04-10T12:34:41-07:00,1,13
style.css,23,css,294dc380,Leo Wiemelt,2026-04-10,12:39:07,-07:00,2026-04-10T12:39:07-07:00,0,0
style.css,24,css,294dc380,Leo Wiemelt,2026-04-10,12:39:07,-07:00,2026-04-10T12:39:07-07:00,0,0
style.css,25,css,ec3a4895,Leo Wiemelt,2026-04-25,16:53:20,-07:00,2026-04-25T16:53:20-07:00,0,8
style.css,26,css,294dc380,Leo Wiemelt,2026-04-10,12:39:07,-07:00,2026-04-10T12:39:07-07:00,1,25
style.css,27,css,ec3a4895,Leo Wiemelt,2026-04-25,16:53:20,-07:00,2026-04-25T16:53:20-07:00,1,25
style.css,28,css,294dc380,Leo Wiemelt,2026-04-10,12:39:07,-07:00,2026-04-10T12:39:07-07:00,1,20
style.css,29,css,3cbbe7f1,Leo Wiemelt,2026-04-10,12:44:59,-07:00,2026-04-10T12:44:59-07:00,0,0
style.css,30,css,3cbbe7f1,Leo Wiemelt,2026-04-10,12:44:59,-07:00,2026-04-10T12:44:59-07:00,0,0
style.css,31,css,3cbbe7f1,Leo Wiemelt,2026-04-10,12:44:59,-07:00,2026-04-10T12:44:59-07:00,0,4
style.css,32,css,ec3a4895,Leo Wiemelt,2026-04-25,16:53:20,-07:00,2026-04-25T16:53:20-07:00,1,53
style.css,33,css,3cbbe7f1,Leo Wiemelt,2026-04-10,12:44:59,-07:00,2026-04-10T12:44:59-07:00,1,32
style.css,34,css,ec3a4895,Leo Wiemelt,2026-04-25,16:53:20,-07:00,2026-04-25T16:53:20-07:00,1,23
style.css,35,css,3cbbe7f1,Leo Wiemelt,2026-04-10,12:44:59,-07:00,2026-04-10T12:44:59-07:00,0,0
style.css,36,css,3cbbe7f1,Leo Wiemelt,2026-04-10,12:44:59,-07:00,2026-04-10T12:44:59-07:00,0,0
style.css,37,css,3cbbe7f1,Leo Wiemelt,2026-04-10,12:44:59,-07:00,2026-04-10T12:44:59-07:00,0,7
style.css,38,css,3cbbe7f1,Leo Wiemelt,2026-04-10,12:44:59,-07:00,2026-04-10T12:44:59-07:00,1,45
style.css,39,css,3cbbe7f1,Leo Wiemelt,2026-04-10,12:44:59,-07:00,2026-04-10T12:44:59-07:00,1,20
style.css,40,css,ec3a4895,Leo Wiemelt,2026-04-25,16:53:20,-07:00,2026-04-25T16:53:20-07:00,1,69
style.css,41,css,ec3a4895,Leo Wiemelt,2026-04-25,16:53:20,-07:00,2026-04-25T16:53:20-07:00,0,0
style.css,42,css,ec3a4895,Leo Wiemelt,2026-04-25,16:53:20,-07:00,2026-04-25T16:53:20-07:00,0,0
style.css,43,css,ec3a4895,Leo Wiemelt,2026-04-25,16:53:20,-07:00,2026-04-25T16:53:20-07:00,0,18
style.css,44,css,ec3a4895,Leo Wiemelt,2026-04-25,16:53:20,-07:00,2026-04-25T16:53:20-07:00,1,17
style.css,45,css,ec3a4895,Leo Wiemelt,2026-04-25,16:53:20,-07:00,2026-04-25T16:53:20-07:00,1,8
style.css,46,css,ec3a4895,Leo Wiemelt,2026-04-25,16:53:20,-07:00,2026-04-25T16:53:20-07:00,1,10
style.css,47,css,ec3a4895,Leo Wiemelt,2026-04-25,16:53:20,-07:00,2026-04-25T16:53:20-07:00,1,13
style.css,48,css,ec3a4895,Leo Wiemelt,2026-04-25,16:53:20,-07:00,2026-04-25T16:53:20-07:00,1,19
style.css,49,css,ec3a4895,Leo Wiemelt,2026-04-25,16:53:20,-07:00,2026-04-25T16:53:20-07:00,0,0
style.css,50,css,ec3a4895,Leo Wiemelt,2026-04-25,16:53:20,-07:00,2026-04-25T16:53:20-07:00,0,0
style.css,51,css,ec3a4895,Leo Wiemelt,2026-04-25,16:53:20,-07:00,2026-04-25T16:53:20-07:00,0,25
style.css,52,css,ec3a4895,Leo Wiemelt,2026-04-25,16:53:20,-07:00,2026-04-25T16:53:20-07:00,1,19
style.css,53,css,7078fcf1,Leo Wiemelt,2026-04-10,12:50:58,-07:00,2026-04-10T12:50:58-07:00,0,0
style.css,54,css,7078fcf1,Leo Wiemelt,2026-04-10,12:50:58,-07:00,2026-04-10T12:50:58-07:00,0,4
style.css,55,css,7078fcf1,Leo Wiemelt,2026-04-10,12:50:58,-07:00,2026-04-10T12:50:58-07:00,1,12
style.css,56,css,d84161e0,Leo Wiemelt,2026-04-10,13:33:29,-07:00,2026-04-10T13:33:29-07:00,1,12
style.css,57,css,d84161e0,Leo Wiemelt,2026-04-10,13:33:29,-07:00,2026-04-10T13:33:29-07:00,1,30
style.css,58,css,005f40a7,Leo Wiemelt,2026-04-10,13:38:10,-07:00,2026-04-10T13:38:10-07:00,1,7
style.css,59,css,005f40a7,Leo Wiemelt,2026-04-10,13:38:10,-07:00,2026-04-10T13:38:10-07:00,0,0
style.css,60,css,005f40a7,Leo Wiemelt,2026-04-10,13:38:10,-07:00,2026-04-10T13:38:10-07:00,0,0
style.css,61,css,005f40a7,Leo Wiemelt,2026-04-10,13:38:10,-07:00,2026-04-10T13:38:10-07:00,0,5
style.css,62,css,005f40a7,Leo Wiemelt,2026-04-10,13:38:10,-07:00,2026-04-10T13:38:10-07:00,1,12
style.css,63,css,005f40a7,Leo Wiemelt,2026-04-10,13:38:10,-07:00,2026-04-10T13:38:10-07:00,1,29
style.css,64,css,005f40a7,Leo Wiemelt,2026-04-10,13:38:10,-07:00,2026-04-10T13:38:10-07:00,1,18
style.css,65,css,005f40a7,Leo Wiemelt,2026-04-10,13:38:10,-07:00,2026-04-10T13:38:10-07:00,0,0
style.css,66,css,005f40a7,Leo Wiemelt,2026-04-10,13:38:10,-07:00,2026-04-10T13:38:10-07:00,0,0
style.css,67,css,005f40a7,Leo Wiemelt,2026-04-10,13:38:10,-07:00,2026-04-10T13:38:10-07:00,0,21
style.css,68,css,005f40a7,Leo Wiemelt,2026-04-10,13:38:10,-07:00,2026-04-10T13:38:10-07:00,1,18
style.css,69,css,d43e8ae5,Leo Wiemelt,2026-04-10,13:42:57,-07:00,2026-04-10T13:42:57-07:00,0,0
style.css,70,css,d43e8ae5,Leo Wiemelt,2026-04-10,13:42:57,-07:00,2026-04-10T13:42:57-07:00,0,0
style.css,71,css,d43e8ae5,Leo Wiemelt,2026-04-10,13:42:57,-07:00,2026-04-10T13:42:57-07:00,0,9
style.css,72,css,d43e8ae5,Leo Wiemelt,2026-04-10,13:42:57,-07:00,2026-04-10T13:42:57-07:00,1,12
style.css,73,css,d43e8ae5,Leo Wiemelt,2026-04-10,13:42:57,-07:00,2026-04-10T13:42:57-07:00,1,58
style.css,74,css,307c983c,Leo Wiemelt,2026-04-25,19:03:24,-07:00,2026-04-25T19:03:24-07:00,1,7
style.css,75,css,d43e8ae5,Leo Wiemelt,2026-04-10,13:42:57,-07:00,2026-04-10T13:42:57-07:00,0,0
style.css,76,css,d43e8ae5,Leo Wiemelt,2026-04-10,13:42:57,-07:00,2026-04-10T13:42:57-07:00,0,0
style.css,77,css,d43e8ae5,Leo Wiemelt,2026-04-10,13:42:57,-07:00,2026-04-10T13:42:57-07:00,0,7
style.css,78,css,307c983c,Leo Wiemelt,2026-04-25,19:03:24,-07:00,2026-04-25T19:03:24-07:00,1,12
style.css,79,css,d43e8ae5,Leo Wiemelt,2026-04-10,13:42:57,-07:00,2026-04-10T13:42:57-07:00,1,26
style.css,80,css,307c983c,Leo Wiemelt,2026-04-25,19:03:24,-07:00,2026-04-25T19:03:24-07:00,1,53
style.css,81,css,307c983c,Leo Wiemelt,2026-04-25,19:03:24,-07:00,2026-04-25T19:03:24-07:00,1,9
style.css,82,css,307c983c,Leo Wiemelt,2026-04-25,19:03:24,-07:00,2026-04-25T19:03:24-07:00,0,0
style.css,83,css,307c983c,Leo Wiemelt,2026-04-25,19:03:24,-07:00,2026-04-25T19:03:24-07:00,0,0
style.css,84,css,307c983c,Leo Wiemelt,2026-04-25,19:03:24,-07:00,2026-04-25T19:03:24-07:00,0,11
style.css,85,css,307c983c,Leo Wiemelt,2026-04-25,19:03:24,-07:00,2026-04-25T19:03:24-07:00,1,10
style.css,86,css,307c983c,Leo Wiemelt,2026-04-25,19:03:24,-07:00,2026-04-25T19:03:24-07:00,1,19
style.css,87,css,307c983c,Leo Wiemelt,2026-04-25,19:03:24,-07:00,2026-04-25T19:03:24-07:00,1,16
style.css,88,css,307c983c,Leo Wiemelt,2026-04-25,19:03:24,-07:00,2026-04-25T19:03:24-07:00,1,20
style.css,89,css,307c983c,Leo Wiemelt,2026-04-25,19:03:24,-07:00,2026-04-25T19:03:24-07:00,0,0
style.css,90,css,307c983c,Leo Wiemelt,2026-04-25,19:03:24,-07:00,2026-04-25T19:03:24-07:00,0,0
style.css,91,css,307c983c,Leo Wiemelt,2026-04-25,19:03:24,-07:00,2026-04-25T19:03:24-07:00,0,9
style.css,92,css,307c983c,Leo Wiemelt,2026-04-25,19:03:24,-07:00,2026-04-25T19:03:24-07:00,0,10
style.css,93,css,307c983c,Leo Wiemelt,2026-04-25,19:03:24,-07:00,2026-04-25T19:03:24-07:00,1,8
style.css,94,css,d43e8ae5,Leo Wiemelt,2026-04-10,13:42:57,-07:00,2026-04-10T13:42:57-07:00,0,0
style.css,95,css,d43e8ae5,Leo Wiemelt,2026-04-10,13:42:57,-07:00,2026-04-10T13:42:57-07:00,0,0
style.css,96,css,307c983c,Leo Wiemelt,2026-04-25,19:03:24,-07:00,2026-04-25T19:03:24-07:00,0,13
style.css,97,css,d43e8ae5,Leo Wiemelt,2026-04-10,13:42:57,-07:00,2026-04-10T13:42:57-07:00,1,8
style.css,98,css,307c983c,Leo Wiemelt,2026-04-25,19:03:24,-07:00,2026-04-25T19:03:24-07:00,1,16
style.css,99,css,307c983c,Leo Wiemelt,2026-04-25,19:03:24,-07:00,2026-04-25T19:03:24-07:00,1,23
style.css,100,css,307c983c,Leo Wiemelt,2026-04-25,19:03:24,-07:00,2026-04-25T19:03:24-07:00,1,33
style.css,101,css,307c983c,Leo Wiemelt,2026-04-25,19:03:24,-07:00,2026-04-25T19:03:24-07:00,1,15
style.css,102,css,307c983c,Leo Wiemelt,2026-04-25,19:03:24,-07:00,2026-04-25T19:03:24-07:00,1,24
style.css,103,css,307c983c,Leo Wiemelt,2026-04-25,19:03:24,-07:00,2026-04-25T19:03:24-07:00,1,21
style.css,104,css,307c983c,Leo Wiemelt,2026-04-25,19:03:24,-07:00,2026-04-25T19:03:24-07:00,0,0
style.css,105,css,307c983c,Leo Wiemelt,2026-04-25,19:03:24,-07:00,2026-04-25T19:03:24-07:00,0,0
style.css,106,css,307c983c,Leo Wiemelt,2026-04-25,19:03:24,-07:00,2026-04-25T19:03:24-07:00,0,14
style.css,107,css,307c983c,Leo Wiemelt,2026-04-25,19:03:24,-07:00,2026-04-25T19:03:24-07:00,1,17
style.css,108,css,307c983c,Leo Wiemelt,2026-04-25,19:03:24,-07:00,2026-04-25T19:03:24-07:00,0,0
style.css,109,css,307c983c,Leo Wiemelt,2026-04-25,19:03:24,-07:00,2026-04-25T19:03:24-07:00,0,0
style.css,110,css,307c983c,Leo Wiemelt,2026-04-25,19:03:24,-07:00,2026-04-25T19:03:24-07:00,0,17
style.css,111,css,307c983c,Leo Wiemelt,2026-04-25,19:03:24,-07:00,2026-04-25T19:03:24-07:00,1,12
style.css,112,css,307c983c,Leo Wiemelt,2026-04-25,19:03:24,-07:00,2026-04-25T19:03:24-07:00,1,36
style.css,113,css,307c983c,Leo Wiemelt,2026-04-25,19:03:24,-07:00,2026-04-25T19:03:24-07:00,1,13
style.css,114,css,307c983c,Leo Wiemelt,2026-04-25,19:03:24,-07:00,2026-04-25T19:03:24-07:00,1,63
style.css,115,css,307c983c,Leo Wiemelt,2026-04-25,19:03:24,-07:00,2026-04-25T19:03:24-07:00,1,19
style.css,116,css,307c983c,Leo Wiemelt,2026-04-25,19:03:24,-07:00,2026-04-25T19:03:24-07:00,1,12
style.css,117,css,307c983c,Leo Wiemelt,2026-04-25,19:03:24,-07:00,2026-04-25T19:03:24-07:00,0,0
style.css,118,css,307c983c,Leo Wiemelt,2026-04-25,19:03:24,-07:00,2026-04-25T19:03:24-07:00,0,0
style.css,119,css,307c983c,Leo Wiemelt,2026-04-25,19:03:24,-07:00,2026-04-25T19:03:24-07:00,0,17
style.css,120,css,307c983c,Leo Wiemelt,2026-04-25,19:03:24,-07:00,2026-04-25T19:03:24-07:00,1,10
style.css,121,css,307c983c,Leo Wiemelt,2026-04-25,19:03:24,-07:00,2026-04-25T19:03:24-07:00,1,16
style.css,122,css,307c983c,Leo Wiemelt,2026-04-25,19:03:24,-07:00,2026-04-25T19:03:24-07:00,1,15
style.css,123,css,307c983c,Leo Wiemelt,2026-04-25,19:03:24,-07:00,2026-04-25T19:03:24-07:00,1,24
style.css,124,css,307c983c,Leo Wiemelt,2026-04-25,19:03:24,-07:00,2026-04-25T19:03:24-07:00,1,21
style.css,125,css,307c983c,Leo Wiemelt,2026-04-25,19:03:24,-07:00,2026-04-25T19:03:24-07:00,1,23
style.css,126,css,307c983c,Leo Wiemelt,2026-04-25,19:03:24,-07:00,2026-04-25T19:03:24-07:00,0,0
style.css,127,css,307c983c,Leo Wiemelt,2026-04-25,19:03:24,-07:00,2026-04-25T19:03:24-07:00,0,0
style.css,128,css,307c983c,Leo Wiemelt,2026-04-25,19:03:24,-07:00,2026-04-25T19:03:24-07:00,0,17
style.css,129,css,307c983c,Leo Wiemelt,2026-04-25,19:03:24,-07:00,2026-04-25T19:03:24-07:00,1,10
style.css,130,css,307c983c,Leo Wiemelt,2026-04-25,19:03:24,-07:00,2026-04-25T19:03:24-07:00,1,8
style.css,131,css,307c983c,Leo Wiemelt,2026-04-25,19:03:24,-07:00,2026-04-25T19:03:24-07:00,1,17
style.css,132,css,307c983c,Leo Wiemelt,2026-04-25,19:03:24,-07:00,2026-04-25T19:03:24-07:00,1,15
style.css,133,css,307c983c,Leo Wiemelt,2026-04-25,19:03:24,-07:00,2026-04-25T19:03:24-07:00,1,25
style.css,134,css,307c983c,Leo Wiemelt,2026-04-25,19:03:24,-07:00,2026-04-25T19:03:24-07:00,1,60
style.css,135,css,307c983c,Leo Wiemelt,2026-04-25,19:03:24,-07:00,2026-04-25T19:03:24-07:00,1,25
style.css,136,css,ab927957,Leo Wiemelt,2026-04-10,13:45:11,-07:00,2026-04-10T13:45:11-07:00,0,0
style.css,137,css,ab927957,Leo Wiemelt,2026-04-10,13:45:11,-07:00,2026-04-10T13:45:11-07:00,0,0
style.css,138,css,ab927957,Leo Wiemelt,2026-04-10,13:45:11,-07:00,2026-04-10T13:45:11-07:00,0,2
style.css,139,css,ab927957,Leo Wiemelt,2026-04-10,13:45:11,-07:00,2026-04-10T13:45:11-07:00,1,14
style.css,140,css,ab927957,Leo Wiemelt,2026-04-10,13:45:11,-07:00,2026-04-10T13:45:11-07:00,0,0
style.css,141,css,ab927957,Leo Wiemelt,2026-04-10,13:45:11,-07:00,2026-04-10T13:45:11-07:00,0,0
style.css,142,css,ab927957,Leo Wiemelt,2026-04-10,13:45:11,-07:00,2026-04-10T13:45:11-07:00,0,22
style.css,143,css,ab927957,Leo Wiemelt,2026-04-10,13:45:11,-07:00,2026-04-10T13:45:11-07:00,1,15
style.css,144,css,ab927957,Leo Wiemelt,2026-04-10,13:45:11,-07:00,2026-04-10T13:45:11-07:00,1,17
style.css,145,css,cb18596f,Leo Wiemelt,2026-04-10,22:01:55,-07:00,2026-04-10T22:01:55-07:00,0,0
style.css,146,css,cb18596f,Leo Wiemelt,2026-04-10,22:01:55,-07:00,2026-04-10T22:01:55-07:00,0,13
style.css,147,css,cb18596f,Leo Wiemelt,2026-04-10,22:01:55,-07:00,2026-04-10T22:01:55-07:00,1,24
style.css,148,css,cb18596f,Leo Wiemelt,2026-04-10,22:01:55,-07:00,2026-04-10T22:01:55-07:00,1,41
style.css,149,css,cb18596f,Leo Wiemelt,2026-04-10,22:01:55,-07:00,2026-04-10T22:01:55-07:00,1,21
style.css,150,css,cb18596f,Leo Wiemelt,2026-04-10,22:01:55,-07:00,2026-04-10T22:01:55-07:00,0,0
style.css,151,css,ec3a4895,Leo Wiemelt,2026-04-25,16:53:20,-07:00,2026-04-25T16:53:20-07:00,0,0
style.css,152,css,cb18596f,Leo Wiemelt,2026-04-10,22:01:55,-07:00,2026-04-10T22:01:55-07:00,0,16
style.css,153,css,cb18596f,Leo Wiemelt,2026-04-10,22:01:55,-07:00,2026-04-10T22:01:55-07:00,1,18
style.css,154,css,cb18596f,Leo Wiemelt,2026-04-10,22:01:55,-07:00,2026-04-10T22:01:55-07:00,0,0
style.css,155,css,ec3a4895,Leo Wiemelt,2026-04-25,16:53:20,-07:00,2026-04-25T16:53:20-07:00,0,0
style.css,156,css,cb18596f,Leo Wiemelt,2026-04-10,22:01:55,-07:00,2026-04-10T22:01:55-07:00,0,15
style.css,157,css,cb18596f,Leo Wiemelt,2026-04-10,22:01:55,-07:00,2026-04-10T22:01:55-07:00,1,8
style.css,158,css,cb18596f,Leo Wiemelt,2026-04-10,22:01:55,-07:00,2026-04-10T22:01:55-07:00,1,23
style.css,159,css,cb18596f,Leo Wiemelt,2026-04-10,22:01:55,-07:00,2026-04-10T22:01:55-07:00,1,17
style.css,160,css,cb18596f,Leo Wiemelt,2026-04-10,22:01:55,-07:00,2026-04-10T22:01:55-07:00,0,0
style.css,161,css,ec3a4895,Leo Wiemelt,2026-04-25,16:53:20,-07:00,2026-04-25T16:53:20-07:00,0,0
style.css,162,css,cb18596f,Leo Wiemelt,2026-04-10,22:01:55,-07:00,2026-04-10T22:01:55-07:00,0,15
style.css,163,css,cb18596f,Leo Wiemelt,2026-04-10,22:01:55,-07:00,2026-04-10T22:01:55-07:00,1,14
style.css,164,css,cb18596f,Leo Wiemelt,2026-04-10,22:01:55,-07:00,2026-04-10T22:01:55-07:00,1,9
style.css,165,css,cb18596f,Leo Wiemelt,2026-04-10,22:01:55,-07:00,2026-04-10T22:01:55-07:00,1,15
style.css,166,css,cb18596f,Leo Wiemelt,2026-04-10,22:01:55,-07:00,2026-04-10T22:01:55-07:00,1,9
style.css,167,css,cb18596f,Leo Wiemelt,2026-04-10,22:01:55,-07:00,2026-04-10T22:01:55-07:00,1,25
style.css,168,css,cb18596f,Leo Wiemelt,2026-04-10,22:01:55,-07:00,2026-04-10T22:01:55-07:00,1,25
style.css,169,css,cb18596f,Leo Wiemelt,2026-04-10,22:01:55,-07:00,2026-04-10T22:01:55-07:00,0,0
style.css,170,css,ec3a4895,Leo Wiemelt,2026-04-25,16:53:20,-07:00,2026-04-25T16:53:20-07:00,0,0
style.css,171,css,cb18596f,Leo Wiemelt,2026-04-10,22:01:55,-07:00,2026-04-10T22:01:55-07:00,0,21
style.css,172,css,cb18596f,Leo Wiemelt,2026-04-10,22:01:55,-07:00,2026-04-10T22:01:55-07:00,1,18
style.css,173,css,cb18596f,Leo Wiemelt,2026-04-10,22:01:55,-07:00,2026-04-10T22:01:55-07:00,1,15
style.css,174,css,cb18596f,Leo Wiemelt,2026-04-10,22:01:55,-07:00,2026-04-10T22:01:55-07:00,0,0
style.css,175,css,ec3a4895,Leo Wiemelt,2026-04-25,16:53:20,-07:00,2026-04-25T16:53:20-07:00,0,0
style.css,176,css,cb18596f,Leo Wiemelt,2026-04-10,22:01:55,-07:00,2026-04-10T22:01:55-07:00,0,14
style.css,177,css,cb18596f,Leo Wiemelt,2026-04-10,22:01:55,-07:00,2026-04-10T22:01:55-07:00,1,18
style.css,178,css,cb18596f,Leo Wiemelt,2026-04-10,22:01:55,-07:00,2026-04-10T22:01:55-07:00,0,0
style.css,179,css,ec3a4895,Leo Wiemelt,2026-04-25,16:53:20,-07:00,2026-04-25T16:53:20-07:00,0,0
style.css,180,css,cb18596f,Leo Wiemelt,2026-04-10,22:01:55,-07:00,2026-04-10T22:01:55-07:00,0,19
style.css,181,css,cb18596f,Leo Wiemelt,2026-04-10,22:01:55,-07:00,2026-04-10T22:01:55-07:00,1,14
style.css,182,css,cb18596f,Leo Wiemelt,2026-04-10,22:01:55,-07:00,2026-04-10T22:01:55-07:00,1,15
style.css,183,css,cb18596f,Leo Wiemelt,2026-04-10,22:01:55,-07:00,2026-04-10T22:01:55-07:00,1,21
style.css,184,css,cb18596f,Leo Wiemelt,2026-04-10,22:01:55,-07:00,2026-04-10T22:01:55-07:00,1,24
style.css,185,css,cb18596f,Leo Wiemelt,2026-04-10,22:01:55,-07:00,2026-04-10T22:01:55-07:00,1,23
style.css,186,css,cb18596f,Leo Wiemelt,2026-04-10,22:01:55,-07:00,2026-04-10T22:01:55-07:00,1,41
style.css,187,css,cb18596f,Leo Wiemelt,2026-04-10,22:01:55,-07:00,2026-04-10T22:01:55-07:00,1,21
style.css,188,css,cb18596f,Leo Wiemelt,2026-04-10,22:01:55,-07:00,2026-04-10T22:01:55-07:00,1,18
style.css,189,css,cb18596f,Leo Wiemelt,2026-04-10,22:01:55,-07:00,2026-04-10T22:01:55-07:00,0,0
style.css,190,css,ec3a4895,Leo Wiemelt,2026-04-25,16:53:20,-07:00,2026-04-25T16:53:20-07:00,0,0
style.css,191,css,cb18596f,Leo Wiemelt,2026-04-10,22:01:55,-07:00,2026-04-10T22:01:55-07:00,0,24
style.css,192,css,cb18596f,Leo Wiemelt,2026-04-10,22:01:55,-07:00,2026-04-10T22:01:55-07:00,1,12
style.css,193,css,cb18596f,Leo Wiemelt,2026-04-10,22:01:55,-07:00,2026-04-10T22:01:55-07:00,1,25
style.css,194,css,cb18596f,Leo Wiemelt,2026-04-10,22:01:55,-07:00,2026-04-10T22:01:55-07:00,1,21
style.css,195,css,cb18596f,Leo Wiemelt,2026-04-10,22:01:55,-07:00,2026-04-10T22:01:55-07:00,1,11
style.css,196,css,cb18596f,Leo Wiemelt,2026-04-10,22:01:55,-07:00,2026-04-10T22:01:55-07:00,0,0
style.css,197,css,ec3a4895,Leo Wiemelt,2026-04-25,16:53:20,-07:00,2026-04-25T16:53:20-07:00,0,0
style.css,198,css,cb18596f,Leo Wiemelt,2026-04-10,22:01:55,-07:00,2026-04-10T22:01:55-07:00,0,33
style.css,199,css,cb18596f,Leo Wiemelt,2026-04-10,22:01:55,-07:00,2026-04-10T22:01:55-07:00,1,12
style.css,200,css,cb18596f,Leo Wiemelt,2026-04-10,22:01:55,-07:00,2026-04-10T22:01:55-07:00,1,29
style.css,201,css,cb18596f,Leo Wiemelt,2026-04-10,22:01:55,-07:00,2026-04-10T22:01:55-07:00,1,20
style.css,202,css,cb18596f,Leo Wiemelt,2026-04-10,22:01:55,-07:00,2026-04-10T22:01:55-07:00,1,14
style.css,203,css,cb18596f,Leo Wiemelt,2026-04-10,22:01:55,-07:00,2026-04-10T22:01:55-07:00,1,11
style.css,204,css,cb18596f,Leo Wiemelt,2026-04-10,22:01:55,-07:00,2026-04-10T22:01:55-07:00,0,0
style.css,205,css,ec3a4895,Leo Wiemelt,2026-04-25,16:53:20,-07:00,2026-04-25T16:53:20-07:00,0,0
style.css,206,css,cb18596f,Leo Wiemelt,2026-04-10,22:01:55,-07:00,2026-04-10T22:01:55-07:00,0,36
style.css,207,css,cb18596f,Leo Wiemelt,2026-04-10,22:01:55,-07:00,2026-04-10T22:01:55-07:00,1,8
style.css,208,css,cb18596f,Leo Wiemelt,2026-04-10,22:01:55,-07:00,2026-04-10T22:01:55-07:00,1,14
style.css,209,css,cb18596f,Leo Wiemelt,2026-04-10,22:01:55,-07:00,2026-04-10T22:01:55-07:00,0,0
style.css,210,css,ec3a4895,Leo Wiemelt,2026-04-25,16:53:20,-07:00,2026-04-25T16:53:20-07:00,0,0
style.css,211,css,cb18596f,Leo Wiemelt,2026-04-10,22:01:55,-07:00,2026-04-10T22:01:55-07:00,0,35
style.css,212,css,cb18596f,Leo Wiemelt,2026-04-10,22:01:55,-07:00,2026-04-10T22:01:55-07:00,1,8
style.css,213,css,cb18596f,Leo Wiemelt,2026-04-10,22:01:55,-07:00,2026-04-10T22:01:55-07:00,1,18
style.css,214,css,cb18596f,Leo Wiemelt,2026-04-10,22:01:55,-07:00,2026-04-10T22:01:55-07:00,1,23
style.css,215,css,cb18596f,Leo Wiemelt,2026-04-10,22:01:55,-07:00,2026-04-10T22:01:55-07:00,1,18
style.css,216,css,cb18596f,Leo Wiemelt,2026-04-10,22:01:55,-07:00,2026-04-10T22:01:55-07:00,0,0
style.css,217,css,ec3a4895,Leo Wiemelt,2026-04-25,16:53:20,-07:00,2026-04-25T16:53:20-07:00,0,0
style.css,218,css,cb18596f,Leo Wiemelt,2026-04-10,22:01:55,-07:00,2026-04-10T22:01:55-07:00,0,28
style.css,219,css,cb18596f,Leo Wiemelt,2026-04-10,22:01:55,-07:00,2026-04-10T22:01:55-07:00,1,15
style.css,220,css,cb18596f,Leo Wiemelt,2026-04-10,22:01:55,-07:00,2026-04-10T22:01:55-07:00,1,16
style.css,221,css,cb18596f,Leo Wiemelt,2026-04-10,22:01:55,-07:00,2026-04-10T22:01:55-07:00,0,0
style.css,222,css,ec3a4895,Leo Wiemelt,2026-04-25,16:53:20,-07:00,2026-04-25T16:53:20-07:00,0,0
style.css,223,css,cb18596f,Leo Wiemelt,2026-04-10,22:01:55,-07:00,2026-04-10T22:01:55-07:00,0,27
style.css,224,css,cb18596f,Leo Wiemelt,2026-04-10,22:01:55,-07:00,2026-04-10T22:01:55-07:00,1,18
style.css,225,css,cb18596f,Leo Wiemelt,2026-04-10,22:01:55,-07:00,2026-04-10T22:01:55-07:00,1,20
style.css,226,css,cb18596f,Leo Wiemelt,2026-04-10,22:01:55,-07:00,2026-04-10T22:01:55-07:00,0,0
style.css,227,css,ec3a4895,Leo Wiemelt,2026-04-25,16:53:20,-07:00,2026-04-25T16:53:20-07:00,0,0
style.css,228,css,cb18596f,Leo Wiemelt,2026-04-10,22:01:55,-07:00,2026-04-10T22:01:55-07:00,0,27
style.css,229,css,cb18596f,Leo Wiemelt,2026-04-10,22:01:55,-07:00,2026-04-10T22:01:55-07:00,1,21
style.css,230,css,cb18596f,Leo Wiemelt,2026-04-10,22:01:55,-07:00,2026-04-10T22:01:55-07:00,1,16
style.css,231,css,cb18596f,Leo Wiemelt,2026-04-10,22:01:55,-07:00,2026-04-10T22:01:55-07:00,1,15
style.css,232,css,cb18596f,Leo Wiemelt,2026-04-10,22:01:55,-07:00,2026-04-10T22:01:55-07:00,0,0
style.css,233,css,ec3a4895,Leo Wiemelt,2026-04-25,16:53:20,-07:00,2026-04-25T16:53:20-07:00,0,0
style.css,234,css,cb18596f,Leo Wiemelt,2026-04-10,22:01:55,-07:00,2026-04-10T22:01:55-07:00,0,27
style.css,235,css,cb18596f,Leo Wiemelt,2026-04-10,22:01:55,-07:00,2026-04-10T22:01:55-07:00,1,28
style.css,236,css,cb18596f,Leo Wiemelt,2026-04-10,22:01:55,-07:00,2026-04-10T22:01:55-07:00,1,34
style.css,237,css,cb18596f,Leo Wiemelt,2026-04-10,22:01:55,-07:00,2026-04-10T22:01:55-07:00,1,19
style.css,238,css,cb18596f,Leo Wiemelt,2026-04-10,22:01:55,-07:00,2026-04-10T22:01:55-07:00,1,19
style.css,239,css,cb18596f,Leo Wiemelt,2026-04-10,22:01:55,-07:00,2026-04-10T22:01:55-07:00,1,16
style.css,240,css,cb18596f,Leo Wiemelt,2026-04-10,22:01:55,-07:00,2026-04-10T22:01:55-07:00,1,8
style.css,241,css,6e6c0909,Leo Wiemelt,2026-05-01,18:23:40,-07:00,2026-05-01T18:23:40-07:00,0,0
style.css,242,css,6e6c0909,Leo Wiemelt,2026-05-01,18:23:40,-07:00,2026-05-01T18:23:40-07:00,0,0
style.css,243,css,6e6c0909,Leo Wiemelt,2026-05-01,18:23:40,-07:00,2026-05-01T18:23:40-07:00,0,18
style.css,244,css,6e6c0909,Leo Wiemelt,2026-05-01,18:23:40,-07:00,2026-05-01T18:23:40-07:00,1,14
style.css,245,css,6e6c0909,Leo Wiemelt,2026-05-01,18:23:40,-07:00,2026-05-01T18:23:40-07:00,1,16
style.css,246,css,6e6c0909,Leo Wiemelt,2026-05-01,18:23:40,-07:00,2026-05-01T18:23:40-07:00,1,16
style.css,247,css,e41636ae,Leo Wiemelt,2026-05-01,18:42:47,-07:00,2026-05-01T18:42:47-07:00,0,0
style.css,248,css,e41636ae,Leo Wiemelt,2026-05-01,18:42:47,-07:00,2026-05-01T18:42:47-07:00,0,0
style.css,249,css,e41636ae,Leo Wiemelt,2026-05-01,18:42:47,-07:00,2026-05-01T18:42:47-07:00,0,7
style.css,250,css,e41636ae,Leo Wiemelt,2026-05-01,18:42:47,-07:00,2026-05-01T18:42:47-07:00,1,12
style.css,251,css,e41636ae,Leo Wiemelt,2026-05-01,18:42:47,-07:00,2026-05-01T18:42:47-07:00,1,57
style.css,252,css,e41636ae,Leo Wiemelt,2026-05-01,18:42:47,-07:00,2026-05-01T18:42:47-07:00,1,15
style.css,253,css,e41636ae,Leo Wiemelt,2026-05-01,18:42:47,-07:00,2026-05-01T18:42:47-07:00,1,9
style.css,254,css,e41636ae,Leo Wiemelt,2026-05-01,18:42:47,-07:00,2026-05-01T18:42:47-07:00,1,12
style.css,255,css,e41636ae,Leo Wiemelt,2026-05-01,18:42:47,-07:00,2026-05-01T18:42:47-07:00,1,9
style.css,256,css,e41636ae,Leo Wiemelt,2026-05-01,18:42:47,-07:00,2026-05-01T18:42:47-07:00,0,0
style.css,257,css,e41636ae,Leo Wiemelt,2026-05-01,18:42:47,-07:00,2026-05-01T18:42:47-07:00,0,0
style.css,258,css,e41636ae,Leo Wiemelt,2026-05-01,18:42:47,-07:00,2026-05-01T18:42:47-07:00,0,12
style.css,259,css,e41636ae,Leo Wiemelt,2026-05-01,18:42:47,-07:00,2026-05-01T18:42:47-07:00,1,12
style.css,260,css,e41636ae,Leo Wiemelt,2026-05-01,18:42:47,-07:00,2026-05-01T18:42:47-07:00,1,18
style.css,261,css,e41636ae,Leo Wiemelt,2026-05-01,18:42:47,-07:00,2026-05-01T18:42:47-07:00,1,10
style.css,262,css,e41636ae,Leo Wiemelt,2026-05-01,18:42:47,-07:00,2026-05-01T18:42:47-07:00,0,0
style.css,263,css,e41636ae,Leo Wiemelt,2026-05-01,18:42:47,-07:00,2026-05-01T18:42:47-07:00,0,0
style.css,264,css,e41636ae,Leo Wiemelt,2026-05-01,18:42:47,-07:00,2026-05-01T18:42:47-07:00,0,7
style.css,265,css,e41636ae,Leo Wiemelt,2026-05-01,18:42:47,-07:00,2026-05-01T18:42:47-07:00,1,20
style.css,266,css,e41636ae,Leo Wiemelt,2026-05-01,18:42:47,-07:00,2026-05-01T18:42:47-07:00,1,9
style.css,267,css,e41636ae,Leo Wiemelt,2026-05-01,18:42:47,-07:00,2026-05-01T18:42:47-07:00,1,18
style.css,268,css,e41636ae,Leo Wiemelt,2026-05-01,18:42:47,-07:00,2026-05-01T18:42:47-07:00,1,29
style.css,269,css,e41636ae,Leo Wiemelt,2026-05-01,18:42:47,-07:00,2026-05-01T18:42:47-07:00,1,17
style.css,270,css,e41636ae,Leo Wiemelt,2026-05-01,18:42:47,-07:00,2026-05-01T18:42:47-07:00,1,13
style.css,271,css,8298044c,Leo Wiemelt,2026-05-01,18:47:08,-07:00,2026-05-01T18:47:08-07:00,0,0
style.css,272,css,8298044c,Leo Wiemelt,2026-05-01,18:47:08,-07:00,2026-05-01T18:47:08-07:00,0,0
style.css,273,css,8298044c,Leo Wiemelt,2026-05-01,18:47:08,-07:00,2026-05-01T18:47:08-07:00,0,10
style.css,274,css,8298044c,Leo Wiemelt,2026-05-01,18:47:08,-07:00,2026-05-01T18:47:08-07:00,1,12
style.css,275,css,8298044c,Leo Wiemelt,2026-05-01,18:47:08,-07:00,2026-05-01T18:47:08-07:00,1,18
style.css,276,css,8298044c,Leo Wiemelt,2026-05-01,18:47:08,-07:00,2026-05-01T18:47:08-07:00,1,7
style.css,277,css,8298044c,Leo Wiemelt,2026-05-01,18:47:08,-07:00,2026-05-01T18:47:08-07:00,0,0
style.css,278,css,8298044c,Leo Wiemelt,2026-05-01,18:47:08,-07:00,2026-05-01T18:47:08-07:00,0,0
style.css,279,css,8298044c,Leo Wiemelt,2026-05-01,18:47:08,-07:00,2026-05-01T18:47:08-07:00,0,7
style.css,280,css,8298044c,Leo Wiemelt,2026-05-01,18:47:08,-07:00,2026-05-01T18:47:08-07:00,1,6
style.css,281,css,de465e94,Leo Wiemelt,2026-05-01,21:18:05,-07:00,2026-05-01T21:18:05-07:00,0,0
style.css,282,css,de465e94,Leo Wiemelt,2026-05-01,21:18:05,-07:00,2026-05-01T21:18:05-07:00,0,0
style.css,283,css,de465e94,Leo Wiemelt,2026-05-01,21:18:05,-07:00,2026-05-01T21:18:05-07:00,0,17
style.css,284,css,de465e94,Leo Wiemelt,2026-05-01,21:18:05,-07:00,2026-05-01T21:18:05-07:00,1,16
style.css,285,css,de465e94,Leo Wiemelt,2026-05-01,21:18:05,-07:00,2026-05-01T21:18:05-07:00,2,11
style.css,286,css,de465e94,Leo Wiemelt,2026-05-01,21:18:05,-07:00,2026-05-01T21:18:05-07:00,1,0
style.css,287,css,de465e94,Leo Wiemelt,2026-05-01,21:18:05,-07:00,2026-05-01T21:18:05-07:00,0,0
style.css,288,css,de465e94,Leo Wiemelt,2026-05-01,21:18:05,-07:00,2026-05-01T21:18:05-07:00,0,0
style.css,289,css,de465e94,Leo Wiemelt,2026-05-01,21:18:05,-07:00,2026-05-01T21:18:05-07:00,0,4
style.css,290,css,de465e94,Leo Wiemelt,2026-05-01,21:18:05,-07:00,2026-05-01T21:18:05-07:00,1,16
style.css,291,css,de465e94,Leo Wiemelt,2026-05-01,21:18:05,-07:00,2026-05-01T21:18:05-07:00,0,0
style.css,292,css,de465e94,Leo Wiemelt,2026-05-01,21:18:05,-07:00,2026-05-01T21:18:05-07:00,0,0
style.css,293,css,de465e94,Leo Wiemelt,2026-05-01,21:18:05,-07:00,2026-05-01T21:18:05-07:00,0,9
style.css,294,css,de465e94,Leo Wiemelt,2026-05-01,21:18:05,-07:00,2026-05-01T21:18:05-07:00,1,35
style.css,295,css,de465e94,Leo Wiemelt,2026-05-01,21:18:05,-07:00,2026-05-01T21:18:05-07:00,0,0
style.css,296,css,de465e94,Leo Wiemelt,2026-05-01,21:18:05,-07:00,2026-05-01T21:18:05-07:00,1,10
style.css,297,css,de465e94,Leo Wiemelt,2026-05-01,21:18:05,-07:00,2026-05-01T21:18:05-07:00,2,17
style.css,298,css,de465e94,Leo Wiemelt,2026-05-01,21:18:05,-07:00,2026-05-01T21:18:05-07:00,1,0
style.css,299,css,00000000,Not Committed Yet,2026-05-09,10:27:31,-07:00,2026-05-09T10:27:31-07:00,0,0
index.js,1,js,7f88d7df,Leo Wiemelt,2026-04-25,17:34:12,-07:00,2026-04-25T17:34:12-07:00,0,71
index.js,2,js,7f88d7df,Leo Wiemelt,2026-04-25,17:34:12,-07:00,2026-04-25T17:34:12-07:00,0,0
index.js,3,js,7f88d7df,Leo Wiemelt,2026-04-25,17:34:12,-07:00,2026-04-25T17:34:12-07:00,0,54
index.js,4,js,7f88d7df,Leo Wiemelt,2026-04-25,17:34:12,-07:00,2026-04-25T17:34:12-07:00,0,42
index.js,5,js,7f88d7df,Leo Wiemelt,2026-04-25,17:34:12,-07:00,2026-04-25T17:34:12-07:00,0,0
index.js,6,js,7f88d7df,Leo Wiemelt,2026-04-25,17:34:12,-07:00,2026-04-25T17:34:12-07:00,0,60
index.js,7,js,7f88d7df,Leo Wiemelt,2026-04-25,17:34:12,-07:00,2026-04-25T17:34:12-07:00,0,54
index.js,8,js,7f88d7df,Leo Wiemelt,2026-04-25,17:34:12,-07:00,2026-04-25T17:34:12-07:00,0,0
index.js,9,js,7f88d7df,Leo Wiemelt,2026-04-25,17:34:12,-07:00,2026-04-25T17:34:12-07:00,0,53
index.js,10,js,7f88d7df,Leo Wiemelt,2026-04-25,17:34:12,-07:00,2026-04-25T17:34:12-07:00,0,0
index.js,11,js,7f88d7df,Leo Wiemelt,2026-04-25,17:34:12,-07:00,2026-04-25T17:34:12-07:00,0,60
index.js,12,js,7f88d7df,Leo Wiemelt,2026-04-25,17:34:12,-07:00,2026-04-25T17:34:12-07:00,0,17
index.js,13,js,7f88d7df,Leo Wiemelt,2026-04-25,17:34:12,-07:00,2026-04-25T17:34:12-07:00,1,24
index.js,14,js,7f88d7df,Leo Wiemelt,2026-04-25,17:34:12,-07:00,2026-04-25T17:34:12-07:00,2,2
index.js,15,js,7f88d7df,Leo Wiemelt,2026-04-25,17:34:12,-07:00,2026-04-25T17:34:12-07:00,3,55
index.js,16,js,7f88d7df,Leo Wiemelt,2026-04-25,17:34:12,-07:00,2026-04-25T17:34:12-07:00,3,55
index.js,17,js,7f88d7df,Leo Wiemelt,2026-04-25,17:34:12,-07:00,2026-04-25T17:34:12-07:00,3,49
index.js,18,js,7f88d7df,Leo Wiemelt,2026-04-25,17:34:12,-07:00,2026-04-25T17:34:12-07:00,3,49
index.js,19,js,7f88d7df,Leo Wiemelt,2026-04-25,17:34:12,-07:00,2026-04-25T17:34:12-07:00,2,3
index.js,20,js,7f88d7df,Leo Wiemelt,2026-04-25,17:34:12,-07:00,2026-04-25T17:34:12-07:00,1,0
index.js,21,js,7f88d7df,Leo Wiemelt,2026-04-25,17:34:12,-07:00,2026-04-25T17:34:12-07:00,0,0
index.html,1,html,d3f3d59a,Leo Wiemelt,2026-04-03,13:40:02,-07:00,2026-04-03T13:40:02-07:00,0,13
index.html,2,html,d3f3d59a,Leo Wiemelt,2026-04-03,13:40:02,-07:00,2026-04-03T13:40:02-07:00,0,14
index.html,3,html,d3f3d59a,Leo Wiemelt,2026-04-03,13:40:02,-07:00,2026-04-03T13:40:02-07:00,0,4
index.html,4,html,d3f3d59a,Leo Wiemelt,2026-04-03,13:40:02,-07:00,2026-04-03T13:40:02-07:00,2,20
index.html,5,html,d3f3d59a,Leo Wiemelt,2026-04-03,13:40:02,-07:00,2026-04-03T13:40:02-07:00,2,68
index.html,6,html,d3f3d59a,Leo Wiemelt,2026-04-03,13:40:02,-07:00,2026-04-03T13:40:02-07:00,2,53
index.html,7,html,d532b73d,Leo Wiemelt,2026-04-03,23:30:30,-07:00,2026-04-03T23:30:30-07:00,2,54
index.html,8,html,733296f9,Leo Wiemelt,2026-04-18,14:58:33,-07:00,2026-04-18T14:58:33-07:00,2,45
index.html,9,html,79ddbd07,Leo Wiemelt,2026-04-25,18:58:04,-07:00,2026-04-25T18:58:04-07:00,2,50
index.html,10,html,d3f3d59a,Leo Wiemelt,2026-04-03,13:40:02,-07:00,2026-04-03T13:40:02-07:00,0,5
index.html,11,html,d3f3d59a,Leo Wiemelt,2026-04-03,13:40:02,-07:00,2026-04-03T13:40:02-07:00,0,4
index.html,12,html,9a92582e,Leo Wiemelt,2026-04-10,12:33:04,-07:00,2026-04-10T12:33:04-07:00,2,18
index.html,13,html,9a92582e,Leo Wiemelt,2026-04-10,12:33:04,-07:00,2026-04-10T12:33:04-07:00,2,51
index.html,14,html,c93da9bf,Leo Wiemelt,2026-04-10,12:39:44,-07:00,2026-04-10T12:39:44-07:00,2,66
index.html,15,html,79ddbd07,Leo Wiemelt,2026-04-25,18:58:04,-07:00,2026-04-25T18:58:04-07:00,2,22
index.html,16,html,79ddbd07,Leo Wiemelt,2026-04-25,18:58:04,-07:00,2026-04-25T18:58:04-07:00,2,20
index.html,17,html,79ddbd07,Leo Wiemelt,2026-04-25,18:58:04,-07:00,2026-04-25T18:58:04-07:00,1,49
index.html,18,html,79ddbd07,Leo Wiemelt,2026-04-25,18:58:04,-07:00,2026-04-25T18:58:04-07:00,2,4
index.html,19,html,303e5f51,Leo Wiemelt,2026-04-25,19:00:28,-07:00,2026-04-25T19:00:28-07:00,2,28
index.html,20,html,d3f3d59a,Leo Wiemelt,2026-04-03,13:40:02,-07:00,2026-04-03T13:40:02-07:00,0,5
index.html,21,html,d3f3d59a,Leo Wiemelt,2026-04-03,13:40:02,-07:00,2026-04-03T13:40:02-07:00,0,5
global.js,1,js,ec3a4895,Leo Wiemelt,2026-04-25,16:53:20,-07:00,2026-04-25T16:53:20-07:00,0,25
global.js,2,js,733296f9,Leo Wiemelt,2026-04-18,14:58:33,-07:00,2026-04-18T14:58:33-07:00,0,0
global.js,3,js,733296f9,Leo Wiemelt,2026-04-18,14:58:33,-07:00,2026-04-18T14:58:33-07:00,0,41
global.js,4,js,733296f9,Leo Wiemelt,2026-04-18,14:58:33,-07:00,2026-04-18T14:58:33-07:00,1,52
global.js,5,js,3d66f139,Leo Wiemelt,2026-04-18,15:16:53,-07:00,2026-04-18T15:16:53-07:00,0,0
global.js,6,js,3d66f139,Leo Wiemelt,2026-04-18,15:16:53,-07:00,2026-04-18T15:16:53-07:00,0,0
global.js,7,js,ec3a4895,Leo Wiemelt,2026-04-25,16:53:20,-07:00,2026-04-25T16:53:20-07:00,0,15
global.js,8,js,ec3a4895,Leo Wiemelt,2026-04-25,16:53:20,-07:00,2026-04-25T16:53:20-07:00,1,68
global.js,9,js,7f88d7df,Leo Wiemelt,2026-04-25,17:34:12,-07:00,2026-04-25T17:34:12-07:00,2,3
global.js,10,js,dedf4e1f,Leo Wiemelt,2026-04-25,19:02:45,-07:00,2026-04-25T19:02:45-07:00,2,14
global.js,11,js,3d66f139,Leo Wiemelt,2026-04-18,15:16:53,-07:00,2026-04-18T15:16:53-07:00,0,0
global.js,12,js,3d66f139,Leo Wiemelt,2026-04-18,15:16:53,-07:00,2026-04-18T15:16:53-07:00,0,11
global.js,13,js,ec3a4895,Leo Wiemelt,2026-04-25,16:53:20,-07:00,2026-04-25T16:53:20-07:00,1,25
global.js,14,js,ec3a4895,Leo Wiemelt,2026-04-25,16:53:20,-07:00,2026-04-25T16:53:20-07:00,1,38
global.js,15,js,ec3a4895,Leo Wiemelt,2026-04-25,16:53:20,-07:00,2026-04-25T16:53:20-07:00,1,36
global.js,16,js,ec3a4895,Leo Wiemelt,2026-04-25,16:53:20,-07:00,2026-04-25T16:53:20-07:00,1,34
global.js,17,js,8a96ec5e,Leo Wiemelt,2026-05-09,10:13:08,-07:00,2026-05-09T10:13:08-07:00,1,30
global.js,18,js,3d66f139,Leo Wiemelt,2026-04-18,15:16:53,-07:00,2026-04-18T15:16:53-07:00,0,0
global.js,19,js,3d66f139,Leo Wiemelt,2026-04-18,15:16:53,-07:00,2026-04-18T15:16:53-07:00,0,0
global.js,20,js,ec3a4895,Leo Wiemelt,2026-04-25,16:53:20,-07:00,2026-04-25T16:53:20-07:00,0,38
global.js,21,js,3d66f139,Leo Wiemelt,2026-04-18,15:16:53,-07:00,2026-04-18T15:16:53-07:00,0,25
global.js,22,js,3d66f139,Leo Wiemelt,2026-04-18,15:16:53,-07:00,2026-04-18T15:16:53-07:00,0,0
global.js,23,js,3d66f139,Leo Wiemelt,2026-04-18,15:16:53,-07:00,2026-04-18T15:16:53-07:00,0,20
global.js,24,js,3d66f139,Leo Wiemelt,2026-04-18,15:16:53,-07:00,2026-04-18T15:16:53-07:00,1,14
global.js,25,js,3d66f139,Leo Wiemelt,2026-04-18,15:16:53,-07:00,2026-04-18T15:16:53-07:00,1,18
global.js,26,js,ec3a4895,Leo Wiemelt,2026-04-25,16:53:20,-07:00,2026-04-25T16:53:20-07:00,0,0
global.js,27,js,ec3a4895,Leo Wiemelt,2026-04-25,16:53:20,-07:00,2026-04-25T16:53:20-07:00,1,28
global.js,28,js,ec3a4895,Leo Wiemelt,2026-04-25,16:53:20,-07:00,2026-04-25T16:53:20-07:00,2,20
global.js,29,js,ec3a4895,Leo Wiemelt,2026-04-25,16:53:20,-07:00,2026-04-25T16:53:20-07:00,1,0
global.js,30,js,ec3a4895,Leo Wiemelt,2026-04-25,16:53:20,-07:00,2026-04-25T16:53:20-07:00,0,0
global.js,31,js,ec3a4895,Leo Wiemelt,2026-04-25,16:53:20,-07:00,2026-04-25T16:53:20-07:00,1,34
global.js,32,js,ec3a4895,Leo Wiemelt,2026-04-25,16:53:20,-07:00,2026-04-25T16:53:20-07:00,1,11
global.js,33,js,ec3a4895,Leo Wiemelt,2026-04-25,16:53:20,-07:00,2026-04-25T16:53:20-07:00,1,20
global.js,34,js,ec3a4895,Leo Wiemelt,2026-04-25,16:53:20,-07:00,2026-04-25T16:53:20-07:00,0,0
global.js,35,js,ec3a4895,Leo Wiemelt,2026-04-25,16:53:20,-07:00,2026-04-25T16:53:20-07:00,1,17
global.js,36,js,ec3a4895,Leo Wiemelt,2026-04-25,16:53:20,-07:00,2026-04-25T16:53:20-07:00,2,8
global.js,37,js,ec3a4895,Leo Wiemelt,2026-04-25,16:53:20,-07:00,2026-04-25T16:53:20-07:00,2,58
global.js,38,js,ec3a4895,Leo Wiemelt,2026-04-25,16:53:20,-07:00,2026-04-25T16:53:20-07:00,1,0
global.js,39,js,ec3a4895,Leo Wiemelt,2026-04-25,16:53:20,-07:00,2026-04-25T16:53:20-07:00,0,0
global.js,40,js,ec3a4895,Leo Wiemelt,2026-04-25,16:53:20,-07:00,2026-04-25T16:53:20-07:00,1,29
global.js,41,js,ec3a4895,Leo Wiemelt,2026-04-25,16:53:20,-07:00,2026-04-25T16:53:20-07:00,2,18
global.js,42,js,ec3a4895,Leo Wiemelt,2026-04-25,16:53:20,-07:00,2026-04-25T16:53:20-07:00,1,0
global.js,43,js,ec3a4895,Leo Wiemelt,2026-04-25,16:53:20,-07:00,2026-04-25T16:53:20-07:00,0,0
global.js,44,js,ec3a4895,Leo Wiemelt,2026-04-25,16:53:20,-07:00,2026-04-25T16:53:20-07:00,1,12
global.js,45,js,e3fe0774,Leo Wiemelt,2026-04-25,16:46:08,-07:00,2026-04-25T16:46:08-07:00,0,0
global.js,46,js,e3fe0774,Leo Wiemelt,2026-04-25,16:46:08,-07:00,2026-04-25T16:46:08-07:00,0,0
global.js,47,js,ec3a4895,Leo Wiemelt,2026-04-25,16:53:20,-07:00,2026-04-25T16:53:20-07:00,0,31
global.js,48,js,ec3a4895,Leo Wiemelt,2026-04-25,16:53:20,-07:00,2026-04-25T16:53:20-07:00,1,11
global.js,49,js,ec3a4895,Leo Wiemelt,2026-04-25,16:53:20,-07:00,2026-04-25T16:53:20-07:00,1,0
global.js,50,js,ec3a4895,Leo Wiemelt,2026-04-25,16:53:20,-07:00,2026-04-25T16:53:20-07:00,1,26
global.js,51,js,ec3a4895,Leo Wiemelt,2026-04-25,16:53:20,-07:00,2026-04-25T16:53:20-07:00,2,4
global.js,52,js,ec3a4895,Leo Wiemelt,2026-04-25,16:53:20,-07:00,2026-04-25T16:53:20-07:00,2,6
global.js,53,js,ec3a4895,Leo Wiemelt,2026-04-25,16:53:20,-07:00,2026-04-25T16:53:20-07:00,3,43
global.js,54,js,ec3a4895,Leo Wiemelt,2026-04-25,16:53:20,-07:00,2026-04-25T16:53:20-07:00,3,34
global.js,55,js,ec3a4895,Leo Wiemelt,2026-04-25,16:53:20,-07:00,2026-04-25T16:53:20-07:00,3,32
global.js,56,js,ec3a4895,Leo Wiemelt,2026-04-25,16:53:20,-07:00,2026-04-25T16:53:20-07:00,2,7
global.js,57,js,ec3a4895,Leo Wiemelt,2026-04-25,16:53:20,-07:00,2026-04-25T16:53:20-07:00,1,7
global.js,58,js,ec3a4895,Leo Wiemelt,2026-04-25,16:53:20,-07:00,2026-04-25T16:53:20-07:00,0,0
global.js,59,js,ec3a4895,Leo Wiemelt,2026-04-25,16:53:20,-07:00,2026-04-25T16:53:20-07:00,0,0
global.js,60,js,ec3a4895,Leo Wiemelt,2026-04-25,16:53:20,-07:00,2026-04-25T16:53:20-07:00,0,60
global.js,61,js,ec3a4895,Leo Wiemelt,2026-04-25,16:53:20,-07:00,2026-04-25T16:53:20-07:00,0,0
global.js,62,js,ec3a4895,Leo Wiemelt,2026-04-25,16:53:20,-07:00,2026-04-25T16:53:20-07:00,0,31
global.js,63,js,ec3a4895,Leo Wiemelt,2026-04-25,16:53:20,-07:00,2026-04-25T16:53:20-07:00,1,65
global.js,64,js,ec3a4895,Leo Wiemelt,2026-04-25,16:53:20,-07:00,2026-04-25T16:53:20-07:00,1,20
global.js,65,js,ec3a4895,Leo Wiemelt,2026-04-25,16:53:20,-07:00,2026-04-25T16:53:20-07:00,0,0
global.js,66,js,ec3a4895,Leo Wiemelt,2026-04-25,16:53:20,-07:00,2026-04-25T16:53:20-07:00,0,0
global.js,67,js,ec3a4895,Leo Wiemelt,2026-04-25,16:53:20,-07:00,2026-04-25T16:53:20-07:00,0,34
global.js,68,js,ec3a4895,Leo Wiemelt,2026-04-25,16:53:20,-07:00,2026-04-25T16:53:20-07:00,1,39
global.js,69,js,e3fe0774,Leo Wiemelt,2026-04-25,16:46:08,-07:00,2026-04-25T16:46:08-07:00,0,0
global.js,70,js,e3fe0774,Leo Wiemelt,2026-04-25,16:46:08,-07:00,2026-04-25T16:46:08-07:00,0,0
global.js,71,js,ec3a4895,Leo Wiemelt,2026-04-25,16:53:20,-07:00,2026-04-25T16:53:20-07:00,0,49
global.js,72,js,ec3a4895,Leo Wiemelt,2026-04-25,16:53:20,-07:00,2026-04-25T16:53:20-07:00,1,32
global.js,73,js,ec3a4895,Leo Wiemelt,2026-04-25,16:53:20,-07:00,2026-04-25T16:53:20-07:00,1,32
global.js,74,js,ec3a4895,Leo Wiemelt,2026-04-25,16:53:20,-07:00,2026-04-25T16:53:20-07:00,1,21
global.js,75,js,ec3a4895,Leo Wiemelt,2026-04-25,16:53:20,-07:00,2026-04-25T16:53:20-07:00,0,1
global.js,76,js,ec3a4895,Leo Wiemelt,2026-04-25,16:53:20,-07:00,2026-04-25T16:53:20-07:00,0,0
global.js,77,js,ec3a4895,Leo Wiemelt,2026-04-25,16:53:20,-07:00,2026-04-25T16:53:20-07:00,0,42
global.js,78,js,ec3a4895,Leo Wiemelt,2026-04-25,16:53:20,-07:00,2026-04-25T16:53:20-07:00,0,49
global.js,79,js,ec3a4895,Leo Wiemelt,2026-04-25,16:53:20,-07:00,2026-04-25T16:53:20-07:00,1,21
global.js,80,js,ec3a4895,Leo Wiemelt,2026-04-25,16:53:20,-07:00,2026-04-25T16:53:20-07:00,0,0
global.js,81,js,ec3a4895,Leo Wiemelt,2026-04-25,16:53:20,-07:00,2026-04-25T16:53:20-07:00,1,30
global.js,82,js,ec3a4895,Leo Wiemelt,2026-04-25,16:53:20,-07:00,2026-04-25T16:53:20-07:00,1,14
global.js,83,js,ec3a4895,Leo Wiemelt,2026-04-25,16:53:20,-07:00,2026-04-25T16:53:20-07:00,1,31
global.js,84,js,ec3a4895,Leo Wiemelt,2026-04-25,16:53:20,-07:00,2026-04-25T16:53:20-07:00,2,50
global.js,85,js,ec3a4895,Leo Wiemelt,2026-04-25,16:53:20,-07:00,2026-04-25T16:53:20-07:00,1,0
global.js,86,js,ec3a4895,Leo Wiemelt,2026-04-25,16:53:20,-07:00,2026-04-25T16:53:20-07:00,1,51
global.js,87,js,8b8cebfb,Leo Wiemelt,2026-04-25,17:11:35,-07:00,2026-04-25T17:11:35-07:00,0,1
global.js,88,js,8b8cebfb,Leo Wiemelt,2026-04-25,17:11:35,-07:00,2026-04-25T17:11:35-07:00,0,0
global.js,89,js,8b8cebfb,Leo Wiemelt,2026-04-25,17:11:35,-07:00,2026-04-25T17:11:35-07:00,0,36
global.js,90,js,8b8cebfb,Leo Wiemelt,2026-04-25,17:11:35,-07:00,2026-04-25T17:11:35-07:00,1,3
global.js,91,js,8b8cebfb,Leo Wiemelt,2026-04-25,17:11:35,-07:00,2026-04-25T17:11:35-07:00,2,32
global.js,92,js,7f88d7df,Leo Wiemelt,2026-04-25,17:34:12,-07:00,2026-04-25T17:34:12-07:00,0,0
global.js,93,js,8b8cebfb,Leo Wiemelt,2026-04-25,17:11:35,-07:00,2026-04-25T17:11:35-07:00,2,17
global.js,94,js,7f88d7df,Leo Wiemelt,2026-04-25,17:34:12,-07:00,2026-04-25T17:34:12-07:00,3,57
global.js,95,js,8b8cebfb,Leo Wiemelt,2026-04-25,17:11:35,-07:00,2026-04-25T17:11:35-07:00,2,0
global.js,96,js,7f88d7df,Leo Wiemelt,2026-04-25,17:34:12,-07:00,2026-04-25T17:34:12-07:00,0,0
global.js,97,js,8b8cebfb,Leo Wiemelt,2026-04-25,17:11:35,-07:00,2026-04-25T17:11:35-07:00,2,33
global.js,98,js,8b8cebfb,Leo Wiemelt,2026-04-25,17:11:35,-07:00,2026-04-25T17:11:35-07:00,2,10
global.js,99,js,8b8cebfb,Leo Wiemelt,2026-04-25,17:11:35,-07:00,2026-04-25T17:11:35-07:00,1,15
global.js,100,js,7f88d7df,Leo Wiemelt,2026-04-25,17:34:12,-07:00,2026-04-25T17:34:12-07:00,2,59
global.js,101,js,7f88d7df,Leo Wiemelt,2026-04-25,17:34:12,-07:00,2026-04-25T17:34:12-07:00,1,0
global.js,102,js,7f88d7df,Leo Wiemelt,2026-04-25,17:34:12,-07:00,2026-04-25T17:34:12-07:00,0,0
global.js,103,js,7f88d7df,Leo Wiemelt,2026-04-25,17:34:12,-07:00,2026-04-25T17:34:12-07:00,0,0
global.js,104,js,7f88d7df,Leo Wiemelt,2026-04-25,17:34:12,-07:00,2026-04-25T17:34:12-07:00,0,47
global.js,105,js,7f88d7df,Leo Wiemelt,2026-04-25,17:34:12,-07:00,2026-04-25T17:34:12-07:00,1,59
global.js,106,js,7f88d7df,Leo Wiemelt,2026-04-25,17:34:12,-07:00,2026-04-25T17:34:12-07:00,0,0
global.js,107,js,7f88d7df,Leo Wiemelt,2026-04-25,17:34:12,-07:00,2026-04-25T17:34:12-07:00,0,0
global.js,108,js,7f88d7df,Leo Wiemelt,2026-04-25,17:34:12,-07:00,2026-04-25T17:34:12-07:00,0,79
global.js,109,js,7f88d7df,Leo Wiemelt,2026-04-25,17:34:12,-07:00,2026-04-25T17:34:12-07:00,1,22
global.js,110,js,7f88d7df,Leo Wiemelt,2026-04-25,17:34:12,-07:00,2026-04-25T17:34:12-07:00,2,69
global.js,111,js,7f88d7df,Leo Wiemelt,2026-04-25,17:34:12,-07:00,2026-04-25T17:34:12-07:00,2,5
global.js,112,js,7f88d7df,Leo Wiemelt,2026-04-25,17:34:12,-07:00,2026-04-25T17:34:12-07:00,1,0
global.js,113,js,7f88d7df,Leo Wiemelt,2026-04-25,17:34:12,-07:00,2026-04-25T17:34:12-07:00,1,30
global.js,114,js,7f88d7df,Leo Wiemelt,2026-04-25,17:34:12,-07:00,2026-04-25T17:34:12-07:00,1,39
global.js,115,js,7f88d7df,Leo Wiemelt,2026-04-25,17:34:12,-07:00,2026-04-25T17:34:12-07:00,2,60
global.js,116,js,7f88d7df,Leo Wiemelt,2026-04-25,17:34:12,-07:00,2026-04-25T17:34:12-07:00,2,5
global.js,117,js,7f88d7df,Leo Wiemelt,2026-04-25,17:34:12,-07:00,2026-04-25T17:34:12-07:00,1,0
global.js,118,js,dedf4e1f,Leo Wiemelt,2026-04-25,19:02:45,-07:00,2026-04-25T19:02:45-07:00,0,0
global.js,119,js,7f88d7df,Leo Wiemelt,2026-04-25,17:34:12,-07:00,2026-04-25T17:34:12-07:00,1,29
global.js,120,js,7f88d7df,Leo Wiemelt,2026-04-25,17:34:12,-07:00,2026-04-25T17:34:12-07:00,2,48
global.js,121,js,dedf4e1f,Leo Wiemelt,2026-04-25,19:02:45,-07:00,2026-04-25T19:02:45-07:00,0,0
global.js,122,js,7f88d7df,Leo Wiemelt,2026-04-25,17:34:12,-07:00,2026-04-25T17:34:12-07:00,2,19
global.js,123,js,7f88d7df,Leo Wiemelt,2026-04-25,17:34:12,-07:00,2026-04-25T17:34:12-07:00,3,49
global.js,124,js,dedf4e1f,Leo Wiemelt,2026-04-25,19:02:45,-07:00,2026-04-25T19:02:45-07:00,3,66
global.js,125,js,7f88d7df,Leo Wiemelt,2026-04-25,17:34:12,-07:00,2026-04-25T17:34:12-07:00,3,49
global.js,126,js,7f88d7df,Leo Wiemelt,2026-04-25,17:34:12,-07:00,2026-04-25T17:34:12-07:00,3,27
global.js,127,js,7f88d7df,Leo Wiemelt,2026-04-25,17:34:12,-07:00,2026-04-25T17:34:12-07:00,2,0
global.js,128,js,7f88d7df,Leo Wiemelt,2026-04-25,17:34:12,-07:00,2026-04-25T17:34:12-07:00,2,36
global.js,129,js,8b8cebfb,Leo Wiemelt,2026-04-25,17:11:35,-07:00,2026-04-25T17:11:35-07:00,1,0
global.js,130,js,8b8cebfb,Leo Wiemelt,2026-04-25,17:11:35,-07:00,2026-04-25T17:11:35-07:00,0,0
resume/index.html,1,html,e5f8a40a,Leo Wiemelt,2026-04-04,10:45:27,-07:00,2026-04-04T10:45:27-07:00,0,13
resume/index.html,2,html,e5f8a40a,Leo Wiemelt,2026-04-04,10:45:27,-07:00,2026-04-04T10:45:27-07:00,0,14
resume/index.html,3,html,e5f8a40a,Leo Wiemelt,2026-04-04,10:45:27,-07:00,2026-04-04T10:45:27-07:00,1,4
resume/index.html,4,html,e5f8a40a,Leo Wiemelt,2026-04-04,10:45:27,-07:00,2026-04-04T10:45:27-07:00,2,22
resume/index.html,5,html,e5f8a40a,Leo Wiemelt,2026-04-04,10:45:27,-07:00,2026-04-04T10:45:27-07:00,2,70
resume/index.html,6,html,fd8c8e11,Leo Wiemelt,2026-04-10,12:46:13,-07:00,2026-04-10T12:46:13-07:00,2,57
resume/index.html,7,html,733296f9,Leo Wiemelt,2026-04-18,14:58:33,-07:00,2026-04-18T14:58:33-07:00,2,48
resume/index.html,8,html,e5f8a40a,Leo Wiemelt,2026-04-04,10:45:27,-07:00,2026-04-04T10:45:27-07:00,2,31
resume/index.html,9,html,e5f8a40a,Leo Wiemelt,2026-04-04,10:45:27,-07:00,2026-04-04T10:45:27-07:00,1,5
resume/index.html,10,html,e5f8a40a,Leo Wiemelt,2026-04-04,10:45:27,-07:00,2026-04-04T10:45:27-07:00,1,4
resume/index.html,11,html,aaf94702,Leo Wiemelt,2026-04-03,23:51:05,-07:00,2026-04-03T23:51:05-07:00,0,0
resume/index.html,12,html,e5f8a40a,Leo Wiemelt,2026-04-04,10:45:27,-07:00,2026-04-04T10:45:27-07:00,2,4
resume/index.html,13,html,e5f8a40a,Leo Wiemelt,2026-04-04,10:45:27,-07:00,2026-04-04T10:45:27-07:00,3,6
resume/index.html,14,html,cb18596f,Leo Wiemelt,2026-04-10,22:01:55,-07:00,2026-04-10T22:01:55-07:00,4,53
resume/index.html,15,html,e5f8a40a,Leo Wiemelt,2026-04-04,10:45:27,-07:00,2026-04-04T10:45:27-07:00,4,1
resume/index.html,16,html,987b4ca7,Leo Wiemelt,2026-04-10,13:02:45,-07:00,2026-04-10T13:02:45-07:00,5,71
resume/index.html,17,html,987b4ca7,Leo Wiemelt,2026-04-10,13:02:45,-07:00,2026-04-10T13:02:45-07:00,5,105
resume/index.html,18,html,e5f8a40a,Leo Wiemelt,2026-04-04,10:45:27,-07:00,2026-04-04T10:45:27-07:00,4,2
resume/index.html,19,html,e5f8a40a,Leo Wiemelt,2026-04-04,10:45:27,-07:00,2026-04-04T10:45:27-07:00,3,7
resume/index.html,20,html,e5f8a40a,Leo Wiemelt,2026-04-04,10:45:27,-07:00,2026-04-04T10:45:27-07:00,0,0
resume/index.html,21,html,e5f8a40a,Leo Wiemelt,2026-04-04,10:45:27,-07:00,2026-04-04T10:45:27-07:00,3,7
resume/index.html,22,html,e5f8a40a,Leo Wiemelt,2026-04-04,10:45:27,-07:00,2026-04-04T10:45:27-07:00,4,22
resume/index.html,23,html,e5f8a40a,Leo Wiemelt,2026-04-04,10:45:27,-07:00,2026-04-04T10:45:27-07:00,4,1
resume/index.html,24,html,e5f8a40a,Leo Wiemelt,2026-04-04,10:45:27,-07:00,2026-04-04T10:45:27-07:00,5,69
resume/index.html,25,html,987b4ca7,Leo Wiemelt,2026-04-10,13:02:45,-07:00,2026-04-10T13:02:45-07:00,5,70
resume/index.html,26,html,e5f8a40a,Leo Wiemelt,2026-04-04,10:45:27,-07:00,2026-04-04T10:45:27-07:00,5,69
resume/index.html,27,html,e5f8a40a,Leo Wiemelt,2026-04-04,10:45:27,-07:00,2026-04-04T10:45:27-07:00,5,71
resume/index.html,28,html,e5f8a40a,Leo Wiemelt,2026-04-04,10:45:27,-07:00,2026-04-04T10:45:27-07:00,5,9
resume/index.html,29,html,e5f8a40a,Leo Wiemelt,2026-04-04,10:45:27,-07:00,2026-04-04T10:45:27-07:00,4,2
resume/index.html,30,html,e5f8a40a,Leo Wiemelt,2026-04-04,10:45:27,-07:00,2026-04-04T10:45:27-07:00,3,8
resume/index.html,31,html,e5f8a40a,Leo Wiemelt,2026-04-04,10:45:27,-07:00,2026-04-04T10:45:27-07:00,0,0
resume/index.html,32,html,e5f8a40a,Leo Wiemelt,2026-04-04,10:45:27,-07:00,2026-04-04T10:45:27-07:00,3,7
resume/index.html,33,html,e5f8a40a,Leo Wiemelt,2026-04-04,10:45:27,-07:00,2026-04-04T10:45:27-07:00,4,17
resume/index.html,34,html,e5f8a40a,Leo Wiemelt,2026-04-04,10:45:27,-07:00,2026-04-04T10:45:27-07:00,0,0
resume/index.html,35,html,e5f8a40a,Leo Wiemelt,2026-04-04,10:45:27,-07:00,2026-04-04T10:45:27-07:00,4,7
resume/index.html,36,html,e5f8a40a,Leo Wiemelt,2026-04-04,10:45:27,-07:00,2026-04-04T10:45:27-07:00,5,6
resume/index.html,37,html,e5f8a40a,Leo Wiemelt,2026-04-04,10:45:27,-07:00,2026-04-04T10:45:27-07:00,6,26
resume/index.html,38,html,e5f8a40a,Leo Wiemelt,2026-04-04,10:45:27,-07:00,2026-04-04T10:45:27-07:00,6,25
resume/index.html,39,html,e5f8a40a,Leo Wiemelt,2026-04-04,10:45:27,-07:00,2026-04-04T10:45:27-07:00,5,7
resume/index.html,40,html,e5f8a40a,Leo Wiemelt,2026-04-04,10:45:27,-07:00,2026-04-04T10:45:27-07:00,5,2
resume/index.html,41,html,e5f8a40a,Leo Wiemelt,2026-04-04,10:45:27,-07:00,2026-04-04T10:45:27-07:00,6,179
resume/index.html,42,html,e5f8a40a,Leo Wiemelt,2026-04-04,10:45:27,-07:00,2026-04-04T10:45:27-07:00,6,132
resume/index.html,43,html,e5f8a40a,Leo Wiemelt,2026-04-04,10:45:27,-07:00,2026-04-04T10:45:27-07:00,5,3
resume/index.html,44,html,e5f8a40a,Leo Wiemelt,2026-04-04,10:45:27,-07:00,2026-04-04T10:45:27-07:00,4,8
resume/index.html,45,html,e5f8a40a,Leo Wiemelt,2026-04-04,10:45:27,-07:00,2026-04-04T10:45:27-07:00,0,0
resume/index.html,46,html,e5f8a40a,Leo Wiemelt,2026-04-04,10:45:27,-07:00,2026-04-04T10:45:27-07:00,4,7
resume/index.html,47,html,e5f8a40a,Leo Wiemelt,2026-04-04,10:45:27,-07:00,2026-04-04T10:45:27-07:00,5,6
resume/index.html,48,html,e5f8a40a,Leo Wiemelt,2026-04-04,10:45:27,-07:00,2026-04-04T10:45:27-07:00,6,20
resume/index.html,49,html,e5f8a40a,Leo Wiemelt,2026-04-04,10:45:27,-07:00,2026-04-04T10:45:27-07:00,6,25
resume/index.html,50,html,e5f8a40a,Leo Wiemelt,2026-04-04,10:45:27,-07:00,2026-04-04T10:45:27-07:00,5,7
resume/index.html,51,html,e5f8a40a,Leo Wiemelt,2026-04-04,10:45:27,-07:00,2026-04-04T10:45:27-07:00,5,2
resume/index.html,52,html,e5f8a40a,Leo Wiemelt,2026-04-04,10:45:27,-07:00,2026-04-04T10:45:27-07:00,6,140
resume/index.html,53,html,e5f8a40a,Leo Wiemelt,2026-04-04,10:45:27,-07:00,2026-04-04T10:45:27-07:00,6,120
resume/index.html,54,html,e5f8a40a,Leo Wiemelt,2026-04-04,10:45:27,-07:00,2026-04-04T10:45:27-07:00,5,3
resume/index.html,55,html,e5f8a40a,Leo Wiemelt,2026-04-04,10:45:27,-07:00,2026-04-04T10:45:27-07:00,4,8
resume/index.html,56,html,e5f8a40a,Leo Wiemelt,2026-04-04,10:45:27,-07:00,2026-04-04T10:45:27-07:00,3,8
resume/index.html,57,html,e5f8a40a,Leo Wiemelt,2026-04-04,10:45:27,-07:00,2026-04-04T10:45:27-07:00,0,0
resume/index.html,58,html,e5f8a40a,Leo Wiemelt,2026-04-04,10:45:27,-07:00,2026-04-04T10:45:27-07:00,3,7
resume/index.html,59,html,e5f8a40a,Leo Wiemelt,2026-04-04,10:45:27,-07:00,2026-04-04T10:45:27-07:00,4,16
resume/index.html,60,html,e5f8a40a,Leo Wiemelt,2026-04-04,10:45:27,-07:00,2026-04-04T10:45:27-07:00,0,0
resume/index.html,61,html,e5f8a40a,Leo Wiemelt,2026-04-04,10:45:27,-07:00,2026-04-04T10:45:27-07:00,4,7
resume/index.html,62,html,e5f8a40a,Leo Wiemelt,2026-04-04,10:45:27,-07:00,2026-04-04T10:45:27-07:00,5,6
resume/index.html,63,html,e5f8a40a,Leo Wiemelt,2026-04-04,10:45:27,-07:00,2026-04-04T10:45:27-07:00,6,42
resume/index.html,64,html,e5f8a40a,Leo Wiemelt,2026-04-04,10:45:27,-07:00,2026-04-04T10:45:27-07:00,6,1
resume/index.html,65,html,987b4ca7,Leo Wiemelt,2026-04-10,13:02:45,-07:00,2026-04-10T13:02:45-07:00,7,67
resume/index.html,66,html,e5f8a40a,Leo Wiemelt,2026-04-04,10:45:27,-07:00,2026-04-04T10:45:27-07:00,6,2
resume/index.html,67,html,e5f8a40a,Leo Wiemelt,2026-04-04,10:45:27,-07:00,2026-04-04T10:45:27-07:00,5,7
resume/index.html,68,html,e5f8a40a,Leo Wiemelt,2026-04-04,10:45:27,-07:00,2026-04-04T10:45:27-07:00,5,49
resume/index.html,69,html,e5f8a40a,Leo Wiemelt,2026-04-04,10:45:27,-07:00,2026-04-04T10:45:27-07:00,5,2
resume/index.html,70,html,e5f8a40a,Leo Wiemelt,2026-04-04,10:45:27,-07:00,2026-04-04T10:45:27-07:00,6,41
resume/index.html,71,html,e5f8a40a,Leo Wiemelt,2026-04-04,10:45:27,-07:00,2026-04-04T10:45:27-07:00,6,42
resume/index.html,72,html,e5f8a40a,Leo Wiemelt,2026-04-04,10:45:27,-07:00,2026-04-04T10:45:27-07:00,6,73
resume/index.html,73,html,e5f8a40a,Leo Wiemelt,2026-04-04,10:45:27,-07:00,2026-04-04T10:45:27-07:00,5,3
resume/index.html,74,html,e5f8a40a,Leo Wiemelt,2026-04-04,10:45:27,-07:00,2026-04-04T10:45:27-07:00,5,1
resume/index.html,75,html,e5f8a40a,Leo Wiemelt,2026-04-04,10:45:27,-07:00,2026-04-04T10:45:27-07:00,6,75
resume/index.html,76,html,e5f8a40a,Leo Wiemelt,2026-04-04,10:45:27,-07:00,2026-04-04T10:45:27-07:00,6,77
resume/index.html,77,html,e5f8a40a,Leo Wiemelt,2026-04-04,10:45:27,-07:00,2026-04-04T10:45:27-07:00,6,51
resume/index.html,78,html,e5f8a40a,Leo Wiemelt,2026-04-04,10:45:27,-07:00,2026-04-04T10:45:27-07:00,5,2
resume/index.html,79,html,e5f8a40a,Leo Wiemelt,2026-04-04,10:45:27,-07:00,2026-04-04T10:45:27-07:00,4,8
resume/index.html,80,html,e5f8a40a,Leo Wiemelt,2026-04-04,10:45:27,-07:00,2026-04-04T10:45:27-07:00,0,0
resume/index.html,81,html,e5f8a40a,Leo Wiemelt,2026-04-04,10:45:27,-07:00,2026-04-04T10:45:27-07:00,4,7
resume/index.html,82,html,e5f8a40a,Leo Wiemelt,2026-04-04,10:45:27,-07:00,2026-04-04T10:45:27-07:00,5,6
resume/index.html,83,html,e5f8a40a,Leo Wiemelt,2026-04-04,10:45:27,-07:00,2026-04-04T10:45:27-07:00,6,33
resume/index.html,84,html,e5f8a40a,Leo Wiemelt,2026-04-04,10:45:27,-07:00,2026-04-04T10:45:27-07:00,6,1
resume/index.html,85,html,e5f8a40a,Leo Wiemelt,2026-04-04,10:45:27,-07:00,2026-04-04T10:45:27-07:00,7,33
resume/index.html,86,html,e5f8a40a,Leo Wiemelt,2026-04-04,10:45:27,-07:00,2026-04-04T10:45:27-07:00,7,31
resume/index.html,87,html,e5f8a40a,Leo Wiemelt,2026-04-04,10:45:27,-07:00,2026-04-04T10:45:27-07:00,6,2
resume/index.html,88,html,e5f8a40a,Leo Wiemelt,2026-04-04,10:45:27,-07:00,2026-04-04T10:45:27-07:00,5,7
resume/index.html,89,html,e5f8a40a,Leo Wiemelt,2026-04-04,10:45:27,-07:00,2026-04-04T10:45:27-07:00,5,2
resume/index.html,90,html,cb18596f,Leo Wiemelt,2026-04-10,22:01:55,-07:00,2026-04-10T22:01:55-07:00,6,33
resume/index.html,91,html,e5f8a40a,Leo Wiemelt,2026-04-04,10:45:27,-07:00,2026-04-04T10:45:27-07:00,6,37
resume/index.html,92,html,e5f8a40a,Leo Wiemelt,2026-04-04,10:45:27,-07:00,2026-04-04T10:45:27-07:00,6,28
resume/index.html,93,html,e5f8a40a,Leo Wiemelt,2026-04-04,10:45:27,-07:00,2026-04-04T10:45:27-07:00,6,38
resume/index.html,94,html,e5f8a40a,Leo Wiemelt,2026-04-04,10:45:27,-07:00,2026-04-04T10:45:27-07:00,5,3
resume/index.html,95,html,e5f8a40a,Leo Wiemelt,2026-04-04,10:45:27,-07:00,2026-04-04T10:45:27-07:00,4,8
resume/index.html,96,html,e5f8a40a,Leo Wiemelt,2026-04-04,10:45:27,-07:00,2026-04-04T10:45:27-07:00,3,8
resume/index.html,97,html,e5f8a40a,Leo Wiemelt,2026-04-04,10:45:27,-07:00,2026-04-04T10:45:27-07:00,0,0
resume/index.html,98,html,e5f8a40a,Leo Wiemelt,2026-04-04,10:45:27,-07:00,2026-04-04T10:45:27-07:00,3,7
resume/index.html,99,html,e5f8a40a,Leo Wiemelt,2026-04-04,10:45:27,-07:00,2026-04-04T10:45:27-07:00,4,15
resume/index.html,100,html,e5f8a40a,Leo Wiemelt,2026-04-04,10:45:27,-07:00,2026-04-04T10:45:27-07:00,0,0
resume/index.html,101,html,e5f8a40a,Leo Wiemelt,2026-04-04,10:45:27,-07:00,2026-04-04T10:45:27-07:00,4,7
resume/index.html,102,html,e5f8a40a,Leo Wiemelt,2026-04-04,10:45:27,-07:00,2026-04-04T10:45:27-07:00,5,30
resume/index.html,103,html,e5f8a40a,Leo Wiemelt,2026-04-04,10:45:27,-07:00,2026-04-04T10:45:27-07:00,5,106
resume/index.html,104,html,e5f8a40a,Leo Wiemelt,2026-04-04,10:45:27,-07:00,2026-04-04T10:45:27-07:00,5,69
resume/index.html,105,html,e5f8a40a,Leo Wiemelt,2026-04-04,10:45:27,-07:00,2026-04-04T10:45:27-07:00,4,8
resume/index.html,106,html,e5f8a40a,Leo Wiemelt,2026-04-04,10:45:27,-07:00,2026-04-04T10:45:27-07:00,0,0
resume/index.html,107,html,e5f8a40a,Leo Wiemelt,2026-04-04,10:45:27,-07:00,2026-04-04T10:45:27-07:00,4,7
resume/index.html,108,html,e5f8a40a,Leo Wiemelt,2026-04-04,10:45:27,-07:00,2026-04-04T10:45:27-07:00,5,33
resume/index.html,109,html,e5f8a40a,Leo Wiemelt,2026-04-04,10:45:27,-07:00,2026-04-04T10:45:27-07:00,5,74
resume/index.html,110,html,e5f8a40a,Leo Wiemelt,2026-04-04,10:45:27,-07:00,2026-04-04T10:45:27-07:00,5,77
resume/index.html,111,html,e5f8a40a,Leo Wiemelt,2026-04-04,10:45:27,-07:00,2026-04-04T10:45:27-07:00,4,8
resume/index.html,112,html,e5f8a40a,Leo Wiemelt,2026-04-04,10:45:27,-07:00,2026-04-04T10:45:27-07:00,3,8
resume/index.html,113,html,e5f8a40a,Leo Wiemelt,2026-04-04,10:45:27,-07:00,2026-04-04T10:45:27-07:00,0,0
resume/index.html,114,html,987b4ca7,Leo Wiemelt,2026-04-10,13:02:45,-07:00,2026-04-10T13:02:45-07:00,3,7
resume/index.html,115,html,987b4ca7,Leo Wiemelt,2026-04-10,13:02:45,-07:00,2026-04-10T13:02:45-07:00,4,23
resume/index.html,116,html,987b4ca7,Leo Wiemelt,2026-04-10,13:02:45,-07:00,2026-04-10T13:02:45-07:00,4,76
resume/index.html,117,html,987b4ca7,Leo Wiemelt,2026-04-10,13:02:45,-07:00,2026-04-10T13:02:45-07:00,3,8
resume/index.html,118,html,e5f8a40a,Leo Wiemelt,2026-04-04,10:45:27,-07:00,2026-04-04T10:45:27-07:00,2,5
resume/index.html,119,html,e5f8a40a,Leo Wiemelt,2026-04-04,10:45:27,-07:00,2026-04-04T10:45:27-07:00,0,0
resume/index.html,120,html,e5f8a40a,Leo Wiemelt,2026-04-04,10:45:27,-07:00,2026-04-04T10:45:27-07:00,1,5
resume/index.html,121,html,e5f8a40a,Leo Wiemelt,2026-04-04,10:45:27,-07:00,2026-04-04T10:45:27-07:00,0,5
projects/projects.js,1,js,7f88d7df,Leo Wiemelt,2026-04-25,17:34:12,-07:00,2026-04-25T17:34:12-07:00,0,55
projects/projects.js,2,js,6e6c0909,Leo Wiemelt,2026-05-01,18:23:40,-07:00,2026-05-01T18:23:40-07:00,0,63
projects/projects.js,3,js,27c1a363,Leo Wiemelt,2026-05-01,20:42:25,-07:00,2026-05-01T20:42:25-07:00,0,0
projects/projects.js,4,js,f661d7da,Leo Wiemelt,2026-05-01,21:02:55,-07:00,2026-05-01T21:02:55-07:00,0,55
projects/projects.js,5,js,7f88d7df,Leo Wiemelt,2026-04-25,17:34:12,-07:00,2026-04-25T17:34:12-07:00,0,60
projects/projects.js,6,js,0bdc626c,Leo Wiemelt,2026-05-01,21:33:07,-07:00,2026-05-01T21:33:07-07:00,0,65
projects/projects.js,7,js,f661d7da,Leo Wiemelt,2026-05-01,21:02:55,-07:00,2026-05-01T21:02:55-07:00,0,0
projects/projects.js,8,js,f661d7da,Leo Wiemelt,2026-05-01,21:02:55,-07:00,2026-05-01T21:02:55-07:00,0,13
projects/projects.js,9,js,0bdc626c,Leo Wiemelt,2026-05-01,21:33:07,-07:00,2026-05-01T21:33:07-07:00,0,21
projects/projects.js,10,js,0bdc626c,Leo Wiemelt,2026-05-01,21:33:07,-07:00,2026-05-01T21:33:07-07:00,0,0
projects/projects.js,11,js,0bdc626c,Leo Wiemelt,2026-05-01,21:33:07,-07:00,2026-05-01T21:33:07-07:00,0,59
projects/projects.js,12,js,0bdc626c,Leo Wiemelt,2026-05-01,21:33:07,-07:00,2026-05-01T21:33:07-07:00,0,49
projects/projects.js,13,js,f661d7da,Leo Wiemelt,2026-05-01,21:02:55,-07:00,2026-05-01T21:02:55-07:00,0,0
projects/projects.js,14,js,f661d7da,Leo Wiemelt,2026-05-01,21:02:55,-07:00,2026-05-01T21:02:55-07:00,0,27
projects/projects.js,15,js,f661d7da,Leo Wiemelt,2026-05-01,21:02:55,-07:00,2026-05-01T21:02:55-07:00,1,15
projects/projects.js,16,js,f661d7da,Leo Wiemelt,2026-05-01,21:02:55,-07:00,2026-05-01T21:02:55-07:00,1,35
projects/projects.js,17,js,f661d7da,Leo Wiemelt,2026-05-01,21:02:55,-07:00,2026-05-01T21:02:55-07:00,2,59
projects/projects.js,18,js,f661d7da,Leo Wiemelt,2026-05-01,21:02:55,-07:00,2026-05-01T21:02:55-07:00,2,42
projects/projects.js,19,js,f661d7da,Leo Wiemelt,2026-05-01,21:02:55,-07:00,2026-05-01T21:02:55-07:00,1,1
projects/projects.js,20,js,f661d7da,Leo Wiemelt,2026-05-01,21:02:55,-07:00,2026-05-01T21:02:55-07:00,0,0
projects/projects.js,21,js,e41636ae,Leo Wiemelt,2026-05-01,18:42:47,-07:00,2026-05-01T18:42:47-07:00,0,0
projects/projects.js,22,js,f661d7da,Leo Wiemelt,2026-05-01,21:02:55,-07:00,2026-05-01T21:02:55-07:00,0,38
projects/projects.js,23,js,f661d7da,Leo Wiemelt,2026-05-01,21:02:55,-07:00,2026-05-01T21:02:55-07:00,1,29
projects/projects.js,24,js,f661d7da,Leo Wiemelt,2026-05-01,21:02:55,-07:00,2026-05-01T21:02:55-07:00,2,12
projects/projects.js,25,js,f661d7da,Leo Wiemelt,2026-05-01,21:02:55,-07:00,2026-05-01T21:02:55-07:00,2,14
projects/projects.js,26,js,f661d7da,Leo Wiemelt,2026-05-01,21:02:55,-07:00,2026-05-01T21:02:55-07:00,2,12
projects/projects.js,27,js,f661d7da,Leo Wiemelt,2026-05-01,21:02:55,-07:00,2026-05-01T21:02:55-07:00,1,0
projects/projects.js,28,js,f661d7da,Leo Wiemelt,2026-05-01,21:02:55,-07:00,2026-05-01T21:02:55-07:00,0,0
projects/projects.js,29,js,f661d7da,Leo Wiemelt,2026-05-01,21:02:55,-07:00,2026-05-01T21:02:55-07:00,1,50
projects/projects.js,30,js,f661d7da,Leo Wiemelt,2026-05-01,21:02:55,-07:00,2026-05-01T21:02:55-07:00,2,35
projects/projects.js,31,js,f661d7da,Leo Wiemelt,2026-05-01,21:02:55,-07:00,2026-05-01T21:02:55-07:00,1,1
projects/projects.js,32,js,f661d7da,Leo Wiemelt,2026-05-01,21:02:55,-07:00,2026-05-01T21:02:55-07:00,0,0
projects/projects.js,33,js,f661d7da,Leo Wiemelt,2026-05-01,21:02:55,-07:00,2026-05-01T21:02:55-07:00,1,53
projects/projects.js,34,js,f661d7da,Leo Wiemelt,2026-05-01,21:02:55,-07:00,2026-05-01T21:02:55-07:00,1,42
projects/projects.js,35,js,f661d7da,Leo Wiemelt,2026-05-01,21:02:55,-07:00,2026-05-01T21:02:55-07:00,1,51
projects/projects.js,36,js,f661d7da,Leo Wiemelt,2026-05-01,21:02:55,-07:00,2026-05-01T21:02:55-07:00,0,0
projects/projects.js,37,js,de465e94,Leo Wiemelt,2026-05-01,21:18:05,-07:00,2026-05-01T21:18:05-07:00,1,40
projects/projects.js,38,js,de465e94,Leo Wiemelt,2026-05-01,21:18:05,-07:00,2026-05-01T21:18:05-07:00,1,29
projects/projects.js,39,js,0bdc626c,Leo Wiemelt,2026-05-01,21:33:07,-07:00,2026-05-01T21:33:07-07:00,1,32
projects/projects.js,40,js,0bdc626c,Leo Wiemelt,2026-05-01,21:33:07,-07:00,2026-05-01T21:33:07-07:00,1,30
projects/projects.js,41,js,de465e94,Leo Wiemelt,2026-05-01,21:18:05,-07:00,2026-05-01T21:18:05-07:00,0,0
projects/projects.js,42,js,de465e94,Leo Wiemelt,2026-05-01,21:18:05,-07:00,2026-05-01T21:18:05-07:00,1,27
projects/projects.js,43,js,de465e94,Leo Wiemelt,2026-05-01,21:18:05,-07:00,2026-05-01T21:18:05-07:00,2,1
projects/projects.js,44,js,de465e94,Leo Wiemelt,2026-05-01,21:18:05,-07:00,2026-05-01T21:18:05-07:00,3,13
projects/projects.js,45,js,de465e94,Leo Wiemelt,2026-05-01,21:18:05,-07:00,2026-05-01T21:18:05-07:00,3,13
projects/projects.js,46,js,de465e94,Leo Wiemelt,2026-05-01,21:18:05,-07:00,2026-05-01T21:18:05-07:00,3,22
projects/projects.js,47,js,de465e94,Leo Wiemelt,2026-05-01,21:18:05,-07:00,2026-05-01T21:18:05-07:00,3,18
projects/projects.js,48,js,de465e94,Leo Wiemelt,2026-05-01,21:18:05,-07:00,2026-05-01T21:18:05-07:00,4,43
projects/projects.js,49,js,de465e94,Leo Wiemelt,2026-05-01,21:18:05,-07:00,2026-05-01T21:18:05-07:00,0,0
projects/projects.js,50,js,de465e94,Leo Wiemelt,2026-05-01,21:18:05,-07:00,2026-05-01T21:18:05-07:00,4,1
projects/projects.js,51,js,de465e94,Leo Wiemelt,2026-05-01,21:18:05,-07:00,2026-05-01T21:18:05-07:00,5,16
projects/projects.js,52,js,de465e94,Leo Wiemelt,2026-05-01,21:18:05,-07:00,2026-05-01T21:18:05-07:00,5,66
projects/projects.js,53,js,de465e94,Leo Wiemelt,2026-05-01,21:18:05,-07:00,2026-05-01T21:18:05-07:00,0,0
projects/projects.js,54,js,de465e94,Leo Wiemelt,2026-05-01,21:18:05,-07:00,2026-05-01T21:18:05-07:00,4,4
projects/projects.js,55,js,de465e94,Leo Wiemelt,2026-05-01,21:18:05,-07:00,2026-05-01T21:18:05-07:00,5,14
projects/projects.js,56,js,de465e94,Leo Wiemelt,2026-05-01,21:18:05,-07:00,2026-05-01T21:18:05-07:00,5,24
projects/projects.js,57,js,de465e94,Leo Wiemelt,2026-05-01,21:18:05,-07:00,2026-05-01T21:18:05-07:00,6,60
projects/projects.js,58,js,de465e94,Leo Wiemelt,2026-05-01,21:18:05,-07:00,2026-05-01T21:18:05-07:00,5,0
projects/projects.js,59,js,de465e94,Leo Wiemelt,2026-05-01,21:18:05,-07:00,2026-05-01T21:18:05-07:00,0,0
projects/projects.js,60,js,de465e94,Leo Wiemelt,2026-05-01,21:18:05,-07:00,2026-05-01T21:18:05-07:00,4,25
projects/projects.js,61,js,0bdc626c,Leo Wiemelt,2026-05-01,21:33:07,-07:00,2026-05-01T21:33:07-07:00,5,53
projects/projects.js,62,js,de465e94,Leo Wiemelt,2026-05-01,21:18:05,-07:00,2026-05-01T21:18:05-07:00,4,6
projects/projects.js,63,js,0bdc626c,Leo Wiemelt,2026-05-01,21:33:07,-07:00,2026-05-01T21:33:07-07:00,5,42
projects/projects.js,64,js,0bdc626c,Leo Wiemelt,2026-05-01,21:33:07,-07:00,2026-05-01T21:33:07-07:00,6,60
projects/projects.js,65,js,de465e94,Leo Wiemelt,2026-05-01,21:18:05,-07:00,2026-05-01T21:18:05-07:00,5,0
projects/projects.js,66,js,de465e94,Leo Wiemelt,2026-05-01,21:18:05,-07:00,2026-05-01T21:18:05-07:00,5,56
projects/projects.js,67,js,de465e94,Leo Wiemelt,2026-05-01,21:18:05,-07:00,2026-05-01T21:18:05-07:00,4,0
projects/projects.js,68,js,de465e94,Leo Wiemelt,2026-05-01,21:18:05,-07:00,2026-05-01T21:18:05-07:00,3,1
projects/projects.js,69,js,de465e94,Leo Wiemelt,2026-05-01,21:18:05,-07:00,2026-05-01T21:18:05-07:00,1,1
projects/projects.js,70,js,de465e94,Leo Wiemelt,2026-05-01,21:18:05,-07:00,2026-05-01T21:18:05-07:00,0,0
projects/projects.js,71,js,de465e94,Leo Wiemelt,2026-05-01,21:18:05,-07:00,2026-05-01T21:18:05-07:00,1,27
projects/projects.js,72,js,de465e94,Leo Wiemelt,2026-05-01,21:18:05,-07:00,2026-05-01T21:18:05-07:00,2,17
projects/projects.js,73,js,de465e94,Leo Wiemelt,2026-05-01,21:18:05,-07:00,2026-05-01T21:18:05-07:00,5,38
projects/projects.js,74,js,de465e94,Leo Wiemelt,2026-05-01,21:18:05,-07:00,2026-05-01T21:18:05-07:00,5,27
projects/projects.js,75,js,de465e94,Leo Wiemelt,2026-05-01,21:18:05,-07:00,2026-05-01T21:18:05-07:00,5,69
projects/projects.js,76,js,de465e94,Leo Wiemelt,2026-05-01,21:18:05,-07:00,2026-05-01T21:18:05-07:00,1,1
projects/projects.js,77,js,de465e94,Leo Wiemelt,2026-05-01,21:18:05,-07:00,2026-05-01T21:18:05-07:00,0,0
projects/projects.js,78,js,0bdc626c,Leo Wiemelt,2026-05-01,21:33:07,-07:00,2026-05-01T21:33:07-07:00,0,0
projects/projects.js,79,js,0bdc626c,Leo Wiemelt,2026-05-01,21:33:07,-07:00,2026-05-01T21:33:07-07:00,0,48
projects/projects.js,80,js,0bdc626c,Leo Wiemelt,2026-05-01,21:33:07,-07:00,2026-05-01T21:33:07-07:00,0,23
projects/projects.js,81,js,0bdc626c,Leo Wiemelt,2026-05-01,21:33:07,-07:00,2026-05-01T21:33:07-07:00,0,0
projects/projects.js,82,js,0bdc626c,Leo Wiemelt,2026-05-01,21:33:07,-07:00,2026-05-01T21:33:07-07:00,0,49
projects/projects.js,83,js,0bdc626c,Leo Wiemelt,2026-05-01,21:33:07,-07:00,2026-05-01T21:33:07-07:00,1,17
projects/projects.js,84,js,0bdc626c,Leo Wiemelt,2026-05-01,21:33:07,-07:00,2026-05-01T21:33:07-07:00,1,50
projects/projects.js,85,js,0bdc626c,Leo Wiemelt,2026-05-01,21:33:07,-07:00,2026-05-01T21:33:07-07:00,1,56
projects/projects.js,86,js,0bdc626c,Leo Wiemelt,2026-05-01,21:33:07,-07:00,2026-05-01T21:33:07-07:00,1,31
projects/projects.js,87,js,0bdc626c,Leo Wiemelt,2026-05-01,21:33:07,-07:00,2026-05-01T21:33:07-07:00,0,1
projects/index.html,1,html,9ff5f7ff,Leo Wiemelt,2026-04-03,23:39:46,-07:00,2026-04-03T23:39:46-07:00,0,13
projects/index.html,2,html,9ff5f7ff,Leo Wiemelt,2026-04-03,23:39:46,-07:00,2026-04-03T23:39:46-07:00,0,14
projects/index.html,3,html,2117fd6b,Leo Wiemelt,2026-04-25,17:40:06,-07:00,2026-04-25T17:40:06-07:00,1,4
projects/index.html,4,html,2117fd6b,Leo Wiemelt,2026-04-25,17:40:06,-07:00,2026-04-25T17:40:06-07:00,2,22
projects/index.html,5,html,2117fd6b,Leo Wiemelt,2026-04-25,17:40:06,-07:00,2026-04-25T17:40:06-07:00,2,70
projects/index.html,6,html,9ff5f7ff,Leo Wiemelt,2026-04-03,23:39:46,-07:00,2026-04-03T23:39:46-07:00,2,21
projects/index.html,7,html,2117fd6b,Leo Wiemelt,2026-04-25,17:40:06,-07:00,2026-04-25T17:40:06-07:00,2,43
projects/index.html,8,html,2117fd6b,Leo Wiemelt,2026-04-25,17:40:06,-07:00,2026-04-25T17:40:06-07:00,1,5
projects/index.html,9,html,2117fd6b,Leo Wiemelt,2026-04-25,17:40:06,-07:00,2026-04-25T17:40:06-07:00,1,4
projects/index.html,10,html,39d8c642,Leo Wiemelt,2026-05-01,18:50:25,-07:00,2026-05-01T18:50:25-07:00,2,38
projects/index.html,11,html,39d8c642,Leo Wiemelt,2026-05-01,18:50:25,-07:00,2026-05-01T18:50:25-07:00,0,0
projects/index.html,12,html,8298044c,Leo Wiemelt,2026-05-01,18:47:08,-07:00,2026-05-01T18:47:08-07:00,2,21
projects/index.html,13,html,8298044c,Leo Wiemelt,2026-05-01,18:47:08,-07:00,2026-05-01T18:47:08-07:00,3,58
projects/index.html,14,html,8298044c,Leo Wiemelt,2026-05-01,18:47:08,-07:00,2026-05-01T18:47:08-07:00,3,22
projects/index.html,15,html,8298044c,Leo Wiemelt,2026-05-01,18:47:08,-07:00,2026-05-01T18:47:08-07:00,2,4
projects/index.html,16,html,950ab9f6,Leo Wiemelt,2026-05-01,21:06:42,-07:00,2026-05-01T21:06:42-07:00,0,0
projects/index.html,17,html,135550d1,Leo Wiemelt,2026-05-01,20:59:31,-07:00,2026-05-01T20:59:31-07:00,2,4
projects/index.html,18,html,135550d1,Leo Wiemelt,2026-05-01,20:59:31,-07:00,2026-05-01T20:59:31-07:00,3,15
projects/index.html,19,html,135550d1,Leo Wiemelt,2026-05-01,20:59:31,-07:00,2026-05-01T20:59:31-07:00,3,11
projects/index.html,20,html,135550d1,Leo Wiemelt,2026-05-01,20:59:31,-07:00,2026-05-01T20:59:31-07:00,3,26
projects/index.html,21,html,135550d1,Leo Wiemelt,2026-05-01,20:59:31,-07:00,2026-05-01T20:59:31-07:00,3,31
projects/index.html,22,html,135550d1,Leo Wiemelt,2026-05-01,20:59:31,-07:00,2026-05-01T20:59:31-07:00,2,0
projects/index.html,23,html,950ab9f6,Leo Wiemelt,2026-05-01,21:06:42,-07:00,2026-05-01T21:06:42-07:00,0,0
projects/index.html,24,html,39d8c642,Leo Wiemelt,2026-05-01,18:50:25,-07:00,2026-05-01T18:50:25-07:00,2,26
projects/index.html,25,html,950ab9f6,Leo Wiemelt,2026-05-01,21:06:42,-07:00,2026-05-01T21:06:42-07:00,0,0
projects/index.html,26,html,950ab9f6,Leo Wiemelt,2026-05-01,21:06:42,-07:00,2026-05-01T21:06:42-07:00,2,47
projects/index.html,27,html,2117fd6b,Leo Wiemelt,2026-04-25,17:40:06,-07:00,2026-04-25T17:40:06-07:00,1,5
projects/index.html,28,html,2117fd6b,Leo Wiemelt,2026-04-25,17:40:06,-07:00,2026-04-25T17:40:06-07:00,0,5
meta/main.js,1,js,519b7b01,Leo Wiemelt,2026-05-09,10:10:47,-07:00,2026-05-09T10:10:47-07:00,0,63
meta/main.js,2,js,519b7b01,Leo Wiemelt,2026-05-09,10:10:47,-07:00,2026-05-09T10:10:47-07:00,0,25
meta/main.js,3,js,519b7b01,Leo Wiemelt,2026-05-09,10:10:47,-07:00,2026-05-09T10:10:47-07:00,1,46
meta/main.js,4,js,519b7b01,Leo Wiemelt,2026-05-09,10:10:47,-07:00,2026-05-09T10:10:47-07:00,2,5
meta/main.js,5,js,519b7b01,Leo Wiemelt,2026-05-09,10:10:47,-07:00,2026-05-09T10:10:47-07:00,2,42
meta/main.js,6,js,519b7b01,Leo Wiemelt,2026-05-09,10:10:47,-07:00,2026-05-09T10:10:47-07:00,2,23
meta/main.js,7,js,519b7b01,Leo Wiemelt,2026-05-09,10:10:47,-07:00,2026-05-09T10:10:47-07:00,2,25
meta/main.js,8,js,519b7b01,Leo Wiemelt,2026-05-09,10:10:47,-07:00,2026-05-09T10:10:47-07:00,2,49
meta/main.js,9,js,519b7b01,Leo Wiemelt,2026-05-09,10:10:47,-07:00,2026-05-09T10:10:47-07:00,2,31
meta/main.js,10,js,519b7b01,Leo Wiemelt,2026-05-09,10:10:47,-07:00,2026-05-09T10:10:47-07:00,1,2
meta/main.js,11,js,519b7b01,Leo Wiemelt,2026-05-09,10:10:47,-07:00,2026-05-09T10:10:47-07:00,1,10
meta/main.js,12,js,519b7b01,Leo Wiemelt,2026-05-09,10:10:47,-07:00,2026-05-09T10:10:47-07:00,0,0
meta/main.js,13,js,519b7b01,Leo Wiemelt,2026-05-09,10:10:47,-07:00,2026-05-09T10:10:47-07:00,0,0
meta/main.js,14,js,8a96ec5e,Leo Wiemelt,2026-05-09,10:13:08,-07:00,2026-05-09T10:13:08-07:00,0,29
meta/main.js,15,js,8a96ec5e,Leo Wiemelt,2026-05-09,10:13:08,-07:00,2026-05-09T10:13:08-07:00,1,7
meta/main.js,16,js,8a96ec5e,Leo Wiemelt,2026-05-09,10:13:08,-07:00,2026-05-09T10:13:08-07:00,2,28
meta/main.js,17,js,8a96ec5e,Leo Wiemelt,2026-05-09,10:13:08,-07:00,2026-05-09T10:13:08-07:00,2,25
meta/main.js,18,js,8a96ec5e,Leo Wiemelt,2026-05-09,10:13:08,-07:00,2026-05-09T10:13:08-07:00,3,19
meta/main.js,19,js,4e7c4560,Leo Wiemelt,2026-05-09,10:24:40,-07:00,2026-05-09T10:24:40-07:00,3,53
meta/main.js,20,js,4e7c4560,Leo Wiemelt,2026-05-09,10:24:40,-07:00,2026-05-09T10:24:40-07:00,3,9
meta/main.js,21,js,8a96ec5e,Leo Wiemelt,2026-05-09,10:13:08,-07:00,2026-05-09T10:13:08-07:00,4,9
meta/main.js,22,js,4e7c4560,Leo Wiemelt,2026-05-09,10:24:40,-07:00,2026-05-09T10:24:40-07:00,4,59
meta/main.js,23,js,4e7c4560,Leo Wiemelt,2026-05-09,10:24:40,-07:00,2026-05-09T10:24:40-07:00,4,5
meta/main.js,24,js,4e7c4560,Leo Wiemelt,2026-05-09,10:24:40,-07:00,2026-05-09T10:24:40-07:00,4,3
meta/main.js,25,js,4e7c4560,Leo Wiemelt,2026-05-09,10:24:40,-07:00,2026-05-09T10:24:40-07:00,4,3
meta/main.js,26,js,4e7c4560,Leo Wiemelt,2026-05-09,10:24:40,-07:00,2026-05-09T10:24:40-07:00,4,7
meta/main.js,27,js,4e7c4560,Leo Wiemelt,2026-05-09,10:24:40,-07:00,2026-05-09T10:24:40-07:00,4,7
meta/main.js,28,js,4e7c4560,Leo Wiemelt,2026-05-09,10:24:40,-07:00,2026-05-09T10:24:40-07:00,4,57
meta/main.js,29,js,4e7c4560,Leo Wiemelt,2026-05-09,10:24:40,-07:00,2026-05-09T10:24:40-07:00,4,23
meta/main.js,30,js,8a96ec5e,Leo Wiemelt,2026-05-09,10:13:08,-07:00,2026-05-09T10:13:08-07:00,3,0
meta/main.js,31,js,4e7c4560,Leo Wiemelt,2026-05-09,10:24:40,-07:00,2026-05-09T10:24:40-07:00,0,0
meta/main.js,32,js,4e7c4560,Leo Wiemelt,2026-05-09,10:24:40,-07:00,2026-05-09T10:24:40-07:00,3,35
meta/main.js,33,js,4e7c4560,Leo Wiemelt,2026-05-09,10:24:40,-07:00,2026-05-09T10:24:40-07:00,4,11
meta/main.js,34,js,4e7c4560,Leo Wiemelt,2026-05-09,10:24:40,-07:00,2026-05-09T10:24:40-07:00,4,14
meta/main.js,35,js,4e7c4560,Leo Wiemelt,2026-05-09,10:24:40,-07:00,2026-05-09T10:24:40-07:00,4,16
meta/main.js,36,js,4e7c4560,Leo Wiemelt,2026-05-09,10:24:40,-07:00,2026-05-09T10:24:40-07:00,4,18
meta/main.js,37,js,4e7c4560,Leo Wiemelt,2026-05-09,10:24:40,-07:00,2026-05-09T10:24:40-07:00,3,1
meta/main.js,38,js,4e7c4560,Leo Wiemelt,2026-05-09,10:24:40,-07:00,2026-05-09T10:24:40-07:00,0,0
meta/main.js,39,js,4e7c4560,Leo Wiemelt,2026-05-09,10:24:40,-07:00,2026-05-09T10:24:40-07:00,3,9
meta/main.js,40,js,8a96ec5e,Leo Wiemelt,2026-05-09,10:13:08,-07:00,2026-05-09T10:13:08-07:00,2,1
meta/main.js,41,js,8a96ec5e,Leo Wiemelt,2026-05-09,10:13:08,-07:00,2026-05-09T10:13:08-07:00,0,0
meta/main.js,42,js,8a96ec5e,Leo Wiemelt,2026-05-09,10:13:08,-07:00,2026-05-09T10:13:08-07:00,0,0
meta/main.js,43,js,00000000,Not Committed Yet,2026-05-09,10:27:32,-07:00,2026-05-09T10:27:32-07:00,0,40
meta/main.js,44,js,00000000,Not Committed Yet,2026-05-09,10:27:32,-07:00,2026-05-09T10:27:32-07:00,1,22
meta/main.js,45,js,00000000,Not Committed Yet,2026-05-09,10:27:32,-07:00,2026-05-09T10:27:32-07:00,1,65
meta/main.js,46,js,00000000,Not Committed Yet,2026-05-09,10:27:32,-07:00,2026-05-09T10:27:32-07:00,0,0
meta/main.js,47,js,00000000,Not Committed Yet,2026-05-09,10:27:32,-07:00,2026-05-09T10:27:32-07:00,1,14
meta/main.js,48,js,00000000,Not Committed Yet,2026-05-09,10:27:32,-07:00,2026-05-09T10:27:32-07:00,1,67
meta/main.js,49,js,00000000,Not Committed Yet,2026-05-09,10:27:32,-07:00,2026-05-09T10:27:32-07:00,1,32
meta/main.js,50,js,00000000,Not Committed Yet,2026-05-09,10:27:32,-07:00,2026-05-09T10:27:32-07:00,0,0
meta/main.js,51,js,00000000,Not Committed Yet,2026-05-09,10:27:32,-07:00,2026-05-09T10:27:32-07:00,1,18
meta/main.js,52,js,00000000,Not Committed Yet,2026-05-09,10:27:32,-07:00,2026-05-09T10:27:32-07:00,1,36
meta/main.js,53,js,00000000,Not Committed Yet,2026-05-09,10:27:32,-07:00,2026-05-09T10:27:32-07:00,1,35
meta/main.js,54,js,00000000,Not Committed Yet,2026-05-09,10:27:32,-07:00,2026-05-09T10:27:32-07:00,0,0
meta/main.js,55,js,00000000,Not Committed Yet,2026-05-09,10:27:32,-07:00,2026-05-09T10:27:32-07:00,1,28
meta/main.js,56,js,00000000,Not Committed Yet,2026-05-09,10:27:32,-07:00,2026-05-09T10:27:32-07:00,0,0
meta/main.js,57,js,00000000,Not Committed Yet,2026-05-09,10:27:32,-07:00,2026-05-09T10:27:32-07:00,0,0
meta/main.js,58,js,8a96ec5e,Leo Wiemelt,2026-05-09,10:13:08,-07:00,2026-05-09T10:13:08-07:00,0,26
meta/main.js,59,js,4e7c4560,Leo Wiemelt,2026-05-09,10:24:40,-07:00,2026-05-09T10:24:40-07:00,0,33
meta/main.js,60,js,00000000,Not Committed Yet,2026-05-09,10:27:32,-07:00,2026-05-09T10:27:32-07:00,0,0
meta/main.js,61,js,00000000,Not Committed Yet,2026-05-09,10:27:32,-07:00,2026-05-09T10:27:32-07:00,0,30
meta/index.html,1,html,10c9353d,Leo Wiemelt,2026-05-09,09:45:51,-07:00,2026-05-09T09:45:51-07:00,0,13
meta/index.html,2,html,10c9353d,Leo Wiemelt,2026-05-09,09:45:51,-07:00,2026-05-09T09:45:51-07:00,0,14
meta/index.html,3,html,10c9353d,Leo Wiemelt,2026-05-09,09:45:51,-07:00,2026-05-09T09:45:51-07:00,0,4
meta/index.html,4,html,10c9353d,Leo Wiemelt,2026-05-09,09:45:51,-07:00,2026-05-09T09:45:51-07:00,2,20
meta/index.html,5,html,10c9353d,Leo Wiemelt,2026-05-09,09:45:51,-07:00,2026-05-09T09:45:51-07:00,2,68
meta/index.html,6,html,10c9353d,Leo Wiemelt,2026-05-09,09:45:51,-07:00,2026-05-09T09:45:51-07:00,2,57
meta/index.html,7,html,10c9353d,Leo Wiemelt,2026-05-09,09:45:51,-07:00,2026-05-09T09:45:51-07:00,2,48
meta/index.html,8,html,519b7b01,Leo Wiemelt,2026-05-09,10:10:47,-07:00,2026-05-09T10:10:47-07:00,2,50
meta/index.html,9,html,10c9353d,Leo Wiemelt,2026-05-09,09:45:51,-07:00,2026-05-09T09:45:51-07:00,2,17
meta/index.html,10,html,10c9353d,Leo Wiemelt,2026-05-09,09:45:51,-07:00,2026-05-09T09:45:51-07:00,0,5
meta/index.html,11,html,10c9353d,Leo Wiemelt,2026-05-09,09:45:51,-07:00,2026-05-09T09:45:51-07:00,0,4
meta/index.html,12,html,10c9353d,Leo Wiemelt,2026-05-09,09:45:51,-07:00,2026-05-09T09:45:51-07:00,2,11
meta/index.html,13,html,10c9353d,Leo Wiemelt,2026-05-09,09:45:51,-07:00,2026-05-09T09:45:51-07:00,2,60
meta/index.html,14,html,519b7b01,Leo Wiemelt,2026-05-09,10:10:47,-07:00,2026-05-09T10:10:47-07:00,2,20
meta/index.html,15,html,10c9353d,Leo Wiemelt,2026-05-09,09:45:51,-07:00,2026-05-09T09:45:51-07:00,0,5
meta/index.html,16,html,10c9353d,Leo Wiemelt,2026-05-09,09:45:51,-07:00,2026-05-09T09:45:51-07:00,0,5
contact/index.html,1,html,9ff5f7ff,Leo Wiemelt,2026-04-03,23:39:46,-07:00,2026-04-03T23:39:46-07:00,0,13
contact/index.html,2,html,9ff5f7ff,Leo Wiemelt,2026-04-03,23:39:46,-07:00,2026-04-03T23:39:46-07:00,0,14
contact/index.html,3,html,9ff5f7ff,Leo Wiemelt,2026-04-03,23:39:46,-07:00,2026-04-03T23:39:46-07:00,0,4
contact/index.html,4,html,9ff5f7ff,Leo Wiemelt,2026-04-03,23:39:46,-07:00,2026-04-03T23:39:46-07:00,2,20
contact/index.html,5,html,9ff5f7ff,Leo Wiemelt,2026-04-03,23:39:46,-07:00,2026-04-03T23:39:46-07:00,2,68
contact/index.html,6,html,fd8c8e11,Leo Wiemelt,2026-04-10,12:46:13,-07:00,2026-04-10T12:46:13-07:00,2,57
contact/index.html,7,html,733296f9,Leo Wiemelt,2026-04-18,14:58:33,-07:00,2026-04-18T14:58:33-07:00,2,48
contact/index.html,8,html,9f6c8731,Leo Wiemelt,2026-04-10,12:28:39,-07:00,2026-04-10T12:28:39-07:00,2,20
contact/index.html,9,html,9ff5f7ff,Leo Wiemelt,2026-04-03,23:39:46,-07:00,2026-04-03T23:39:46-07:00,0,5
contact/index.html,10,html,3d66f139,Leo Wiemelt,2026-04-18,15:16:53,-07:00,2026-04-18T15:16:53-07:00,0,4
contact/index.html,11,html,b8d8e185,Leo Wiemelt,2026-04-10,13:23:23,-07:00,2026-04-10T13:23:23-07:00,2,14
contact/index.html,12,html,d5e9844d,Leo Wiemelt,2026-04-03,23:51:43,-07:00,2026-04-03T23:51:43-07:00,2,76
contact/index.html,13,html,d5e9844d,Leo Wiemelt,2026-04-03,23:51:43,-07:00,2026-04-03T23:51:43-07:00,4,52
contact/index.html,14,html,d5e9844d,Leo Wiemelt,2026-04-03,23:51:43,-07:00,2026-04-03T23:51:43-07:00,4,43
contact/index.html,15,html,d5e9844d,Leo Wiemelt,2026-04-03,23:51:43,-07:00,2026-04-03T23:51:43-07:00,4,53
contact/index.html,16,html,d5e9844d,Leo Wiemelt,2026-04-03,23:51:43,-07:00,2026-04-03T23:51:43-07:00,4,19
contact/index.html,17,html,d5e9844d,Leo Wiemelt,2026-04-03,23:51:43,-07:00,2026-04-03T23:51:43-07:00,2,5
contact/index.html,18,html,9ff5f7ff,Leo Wiemelt,2026-04-03,23:39:46,-07:00,2026-04-03T23:39:46-07:00,0,5
contact/index.html,19,html,9ff5f7ff,Leo Wiemelt,2026-04-03,23:39:46,-07:00,2026-04-03T23:39:46-07:00,0,5
